condition,case_id,error,gold,gold_target,pred,pred_target,pool,title,notes,rationale
B0 majority,oir-022,wrong_target,UPDATE,oir-521,UPDATE,,semantic,公告║國際基督教大學碩/博學位獎學金,ICU master/PhD scholarship call for the next intake replaces the 2018 call,
B0 majority,oir-176,wrong_target,UPDATE,oir-320,UPDATE,,semantic,公告║選送青年赴新南向國家深度研習計畫,2017 New Southbound youth study program call replaces the October 2016 call,
B0 majority,oir-089,wrong_target,UPDATE,oir-833,UPDATE,,semantic,公告║教育部辦理113學年度斯拉夫語夏令營獎學金甄選簡章,113 Slavic-language summer camp scholarship replaces the 112 edition,
B0 majority,oir-134,wrong_target,UPDATE,oir-431,UPDATE,,title,公告║2018年秋學期大陸組交換生甄選口試順序公告,interview order for the 2018 fall mainland selection replaces the one for 2018 spring,
B0 majority,oir-096,wrong_target,UPDATE,oir-596,UPDATE,,semantic,公告║111年度外交部選送青年學子赴海外國際非政府組織實習計畫開放申請,111 MOFA NGO internship call replaces the 109 edition,
B0 majority,oir-051,wrong_target,UPDATE,oir-180,UPDATE,,title,招募║2016年春季國際學生接待志工招募開始囉！！,2016 spring buddy volunteer recruitment replaces the 2015 fall round,
B0 majority,oir-058,wrong_target,UPDATE,oir-295|oir-256,UPDATE,,semantic,公告|| 2017年UMAP Program A與Program B交換計畫開放申請,2017 UMAP Program A/B call replaces the 2016 UMAP exchange calls,
B0 majority,oir-017,wrong_target,UPDATE,oir-980,UPDATE,,random,公告║2025年春學期東海大學赴全球姊妹校交換甄試(報名截止),2025 spring exchange selection call replaces the 2024 fall call,
B0 majority,oir-132,wrong_target,UPDATE,oir-358,UPDATE,,random,公告║2018年春學期長期交換計畫-大陸組心得分享會-,2018 spring mainland exchange experience-sharing session replaces the 2017 session,
B0 majority,oir-075,wrong_target,UPDATE,oir-775,UPDATE,,semantic,公告║2023 教育部「高教深耕子計畫-1-4：全球視野與國際接軌」國際移動力獎助開放申請,reworded unsure | 2023 Higher Education Sprout mobility grant (renumbered sub-project 1-4) replaces the 2022 call (sub-project 2-4),
B0 majority,oir-173,wrong_target,UPDATE,oir-971,UPDATE,,random,【暑期研習】║日本西南學院大學暑期活動,2025 Seinan Gakuin summer program replaces the 2024 post,
B0 majority,oir-128,wrong_target,UPDATE,oir-1021,UPDATE,,semantic,公告║教育部114年教育部歐盟獎學金甄選簡章,114 MOE EU scholarship call replaces the 113 edition,
B0 majority,oir-086,wrong_target,UPDATE,oir-200,UPDATE,,semantic,公告||UMAP 105年學年度第一學期交換學生計畫甄選開放,UMAP 105-1 exchange call replaces the 104-2 call,
B0 majority,oir-190,wrong_target,UPDATE,oir-316,UPDATE,,title,陸生║東海大學大陸學生獎學金開始受理申請,106 mainland-student scholarship call replaces the 2016 call,
B0 majority,oir-152,wrong_target,UPDATE,oir-938,UPDATE,,title,公告║113年學年度第1學期教育部補助大學校院學生出國參加國際性學術技藝能競賽,113-1 MOE international competition subsidy replaces the 112-2 call,
B0 majority,oir-150,wrong_target,UPDATE,oir-848,UPDATE,,random,學海惜珠獎學金申請公告(~2023.11.20),new application round of the Xuehai Xizhu scholarship replaces the February 2023 call,
B0 majority,oir-200,wrong_target,UPDATE,oir-1027,UPDATE,,title,公告║教育部辦理 114年波蘭政府獎學金甄選簡章,114 Polish government scholarship replaces the 113 edition,
B0 majority,oir-197,wrong_target,UPDATE,oir-1129,UPDATE,,random,公告║2026年春學期赴全球姊妹校交換(交換生)甄試簡章,2026 spring exchange selection brochure replaces the 2025 fall one,
B0 majority,oir-042,wrong_target,UPDATE,oir-860,UPDATE,,title,公告║英國倫敦政經學院台灣校友會獎狀,2026 LSE Taiwan alumni award call replaces the 2023 call,
B0 majority,oir-181,wrong_target,UPDATE,oir-1066,UPDATE,,semantic,公告║貝里斯大學「區域語文中心」獎學金開放申請,reworded | 2027 University of Belize RLC English scholarship replaces the 2024 Belize English-course scholarship call,
B0 majority,oir-039,wrong_target,UPDATE,oir-242,UPDATE,,semantic,公告║2016年秋學期東海大學交換學生（大陸組）申請期間延長至3月24日,deadline extension for the 2016 fall mainland exchange call,
B0 majority,oir-185,wrong_target,UPDATE,oir-819,UPDATE,,title,【冬季研習】ACUCA 2025 年冬季線上微學位/證書課程,reworded | 2025 ACUCA winter online micro-degree replaces the Winter 2023 edition,
B0 majority,oir-175,wrong_target,UPDATE,oir-892,UPDATE,,title,【暑期研習】2024雷恩商學院暑期營,2024 Rennes School of Business summer school replaces the 2023 post,
B0 majority,oir-084,wrong_target,UPDATE,oir-256,UPDATE,,semantic,2016年UMAP Program A 交換申請,next UMAP Program A exchange call replaces the 105-1 UMAP call,
B0 majority,oir-155,wrong_target,UPDATE,oir-353,UPDATE,,semantic,2017年秋學期大陸組長期交換生第二次甄選,second selection round for 2017 fall mainland exchange reopens the February 2017 call with a new deadline,
B0 majority,oir-122,wrong_target,UPDATE,oir-744,UPDATE,,title,公告║比利時根特科技大學國際學生線上交流活動,fall 2022 round of the Ghent virtual conversation rooms replaces the spring 2022 round,
B0 majority,oir-159,wrong_target,UPDATE,oir-1077,UPDATE,,title,【暑期研習】越南融促大學-2025你好越南短期營,2025 FPT University Hello Vietnam camp replaces the 2024 edition,
B0 majority,oir-171,wrong_target,UPDATE,oir-333,UPDATE,,random,公告║日本武藏野大學碩士學程申請,reworded | Musashino University master's program call replaces the 2017 graduate-school recommendation call,
B0 majority,oir-177,wrong_target,UPDATE,oir-527,UPDATE,,title,公告║日本關西學院大學碩博士學程申請,Kwansei Gakuin master/PhD call for the next intake replaces the 2019 master's call,
B0 majority,oir-138,wrong_target,UPDATE,oir-922,UPDATE,,semantic,【短期研習】║北星學園大學2024年EASCOM研習,2024 Hokusei Gakuen EASCOM program replaces the 2023 Hokusei program post,
B0 majority,oir-119,wrong_target,UPDATE,oir-154,UPDATE,,random,IBP║2015年秋季國際學生接待志工招募：面談時間公告,2015 fall buddy volunteer interview schedule replaces the 2015 spring schedule,
B0 majority,oir-067,wrong_target,UPDATE,oir-588,UPDATE,,title,公告║教育部111學年赴捷克高等教育機構短期進修/ 研究獎學金,111 Czech short-term study scholarship replaces the 109 edition,
B0 majority,oir-027,wrong_target,UPDATE,oir-512,UPDATE,,semantic,公告║ACUCA 職員訪問計畫(2021年春季),ACUCA staff mobility scheme for spring 2021 replaces the 2018 ACUCA staff exchange call,
B0 majority,oir-130,wrong_target,UPDATE,oir-600,UPDATE,,random,公告║2021年春季赴全球姊妹校交換計畫甄試_選填學校場次表,school-selection schedule for the 2021 spring round replaces the one for the 2020 fall round,
B0 majority,oir-063,wrong_target,UPDATE,oir-752,UPDATE,,title,公告║2023 年度日本國際交流基金會(The Japan Foundation)經費資助計畫,2023 Japan Foundation grant programs replace the 2022 edition,
B0 majority,oir-127,wrong_target,UPDATE,oir-335,UPDATE,,title,公告║107年文化部臺灣與拉丁美洲文化交流合作補助要點開放申請！,107 Taiwan-Latin America cultural exchange grant replaces the previous call,
B0 majority,oir-184,wrong_target,UPDATE,oir-599,UPDATE,,semantic,公告║2021年春季赴全球姊妹校交換計畫甄試_團體口試,interview schedule for the 2021 spring round (with a changed date) replaces the 2020 fall schedule,
B0 majority,oir-071,wrong_target,UPDATE,oir-376,UPDATE,,title,公告║(延長報名)2018年短期交流計畫-大陸組暑期營第三階段甄選,"unsure | extension of the 2018 third-stage mainland summer camp call; the original 2018 post is missing, so it replaces the 2017 third-stage call",
B0 majority,oir-133,wrong_target,UPDATE,oir-523,UPDATE,,title,公告║109年度「臺灣與拉丁美洲文化交流合作補助要點」開放申請！,109 Taiwan-Latin America cultural exchange grant replaces the 108 edition,
B0 majority,oir-082,wrong_target,UPDATE,oir-585,UPDATE,,title,IBP║2020年秋季國際學生接待志工招募：面談時間公告,2020 fall buddy volunteer interview schedule replaces the 2020 spring schedule,
B0 majority,oir-114,wrong_target,UPDATE,oir-1089,UPDATE,,title,【寒假研習】║韓國建國大學寒假研習活動,2026 Konkuk University winter program replaces the previous winter post,
B0 majority,oir-109,wrong_target,UPDATE,oir-1188,UPDATE,,semantic,公告║2026年度第一期日本台灣交流協會獎學金(短期留學生)(繳件期限延至10/27上午10:00),2026 first-term JTEA short-term scholarship (deadline extended) replaces the 2025 call,
B0 majority,oir-146,wrong_target,UPDATE,oir-424,UPDATE,,semantic,公告║2018年秋學期長期交換計畫-大陸組交換經驗分享會-,2018 fall mainland exchange experience-sharing session replaces the 2018 spring session,
B0 majority,oir-093,wrong_target,UPDATE,oir-799,UPDATE,,title,【線上活動】東洋大學線商用上日語課程,unsure | new session of the Toyo University business Japanese online course follows the November 2022 on-demand course,
B0 majority,oir-048,wrong_target,UPDATE,oir-1236,UPDATE,,title,東海大學 2026–2027 學年度秋季班外國學生獎助學金申請公告,reworded unsure | fall-intake round of the foreign student scholarship follows the spring-intake round of the same scholarship,
B0 majority,oir-069,wrong_target,UPDATE,oir-221,UPDATE,,semantic,公告||2017-2018 UB教職員進修計畫開放申請！,"reworded template_trap | 2017-2018 UB faculty enrichment program replaces the 2015 UB English enrichment call, not the UB visiting teacher program",
B0 majority,oir-053,wrong_target,UPDATE,oir-903,UPDATE,,title,公告║2024秋季國際處國際接待志工招募中！,2024 fall buddy volunteer recruitment replaces the 2024 spring round,
B0 majority,oir-168,wrong_target,UPDATE,oir-1219,UPDATE,,random,公告║2026/2027斯洛伐克國家獎學金計畫即日起開放申請,2026/2027 Slovak national scholarship call replaces the October 2025 call,
B0 majority,oir-029,wrong_target,UPDATE,oir-739,UPDATE,,title,公告║英國倫敦政經學院台灣校友會獎狀,2023 LSE Taiwan alumni award call replaces the 2022 call,
B0 majority,oir-179,wrong_target,UPDATE,oir-1243,UPDATE,,title,公告║2026秋季季國際處國際接待志工招募中！,2026 fall buddy volunteer recruitment replaces the 2026 spring round,
B0 majority,oir-182,wrong_target,UPDATE,oir-852,UPDATE,,semantic,公告║113年教育部歐盟獎學金開放申請,113 MOE EU scholarship call replaces the 112 edition,
B0 majority,oir-191,wrong_target,UPDATE,oir-825,UPDATE,,title,【短期活動】御茶水女子大學暑期活動,2024 Ochanomizu University summer program replaces the 2023 post,
B0 majority,oir-163,wrong_target,UPDATE,oir-431,UPDATE,,title,公告║2018年春學期大陸組交換生第二次甄選口試順序公告,interview order for the second 2018 spring mainland selection replaces the first-round interview order,
B0 majority,oir-189,wrong_target,UPDATE,oir-194,UPDATE,,random,IBP║2016年春季國際學生接待志工招募：面談時間公告,2016 spring buddy volunteer interview schedule replaces the 2015 fall schedule,
B0 majority,oir-167,wrong_target,UPDATE,oir-883,UPDATE,,title,公告║2024年日本台灣交流協會獎學金(短期留學生),2024 JTEA short-term scholarship replaces the 2023 call,
B0 majority,oir-156,wrong_target,UPDATE,oir-372,UPDATE,,semantic,公告║教育部青年發展署「選送青年赴新南向國家深度研習計畫」徵件,added third application round of the New Southbound youth study program replaces the March 2017 call,
B0 majority,oir-153,wrong_target,UPDATE,oir-508,UPDATE,,semantic,公告║109年度人文社會科學學術人才跨國培育計畫甄選簡章,109 edition of the MOE humanities and social sciences talent program replaces the 108 edition,
B0 majority,oir-020,wrong_target,UPDATE,oir-874,UPDATE,,random,公告║亞太大學交流會（簡稱UMAP）交換計畫甄選,2023 fall UMAP exchange selection replaces the 2023 spring call with the same title,
B0 majority,oir-186,wrong_target,UPDATE,oir-1026,UPDATE,,semantic,【暑期研習】║加拿大卡加里大學暑期營暨線上說明會,reworded | 2025 University of Calgary summer program replaces the 2024 Calgary summer post (different transliteration),
B0 majority,oir-164,wrong_target,UPDATE,oir-1064,UPDATE,,title,【暑期研習】ACUCA 2026 年暑期線上微學位/證書課程,2026 ACUCA summer online micro-degree replaces the 2024 summer edition,
B0 majority,oir-057,wrong_target,UPDATE,oir-1151,UPDATE,,random,公告║亞太大學交流會（簡稱UMAP）交換計畫甄選,fall 2025 UMAP exchange selection replaces the spring 2025 call with the same title,
B0 majority,oir-003,wrong_target,UPDATE,oir-589,UPDATE,,random,公告║教育部辦理112學年斯拉夫語夏令營獎學金開放申請！,old_predecessor | 112 edition of the MOE Slavic-language summer camp scholarship; replaces the 109 edition,
B0 majority,oir-121,wrong_target,UPDATE,oir-179,UPDATE,,title,公告║原住民族委員會108年度Mataisah原夢計畫開放申請!!,old_predecessor | 108 Mataisah indigenous youth program replaces the 104 edition,
B0 majority,oir-136,wrong_target,UPDATE,oir-1177,UPDATE,,title,公告║114年學年度第2學期教育部補助大學校院學生出國參加國際性學術技藝能競賽,114-2 MOE international competition subsidy replaces the 114-1 call,
B0 majority,oir-165,wrong_target,UPDATE,oir-478,UPDATE,,title,招募║2019年春季國際學生接待志工招募開始囉！！,2019 spring buddy volunteer recruitment replaces the 2018 fall round,
B0 majority,oir-028,wrong_target,UPDATE,oir-1006,UPDATE,,semantic,【暑期研習】║鳥取大學線上暑期研習活動,reworded | 2025 Tottori University (online) summer program replaces the 2024 Tottori summer post,
B0 majority,oir-083,wrong_target,UPDATE,oir-1167,UPDATE,,title,僑生獎學金申請開放中,2026 overseas Chinese student scholarship round replaces the 2025 round,
B0 majority,oir-006,wrong_target,UPDATE,oir-598,UPDATE,,random,公告║花蓮縣政府110年度國際事務青年人才培訓計畫,110 edition of the Hualien county international affairs youth training; replaces the 109 edition,
B0 majority,oir-192,wrong_target,UPDATE,oir-1034,UPDATE,,random,公告║2025年日本台灣交流協會獎學金(短期留學生),2025 JTEA short-term scholarship replaces the 2024 call,
B0 majority,oir-145,wrong_target,UPDATE,oir-461,UPDATE,,random,公告║2019年暑期(107-2)大陸夏令營甄選_0603,reworded | 2019 mainland summer camp selection replaces the 2018 mainland summer camp call,
B0 majority,oir-045,wrong_target,UPDATE,oir-759,UPDATE,,title,公告║比利時根特科技大學國際學生線上交流活動,new semester's round of the Ghent virtual conversation rooms replaces the fall 2021 round,
B0 majority,oir-166,wrong_target,UPDATE,oir-1090,UPDATE,,title,公告║關西學院大學交換計畫線上說明會,2026 Kwansei Gakuin exchange info session replaces the October 2024 session,
B0 majority,oir-105,wrong_target,UPDATE,oir-1124,UPDATE,,title,【短期活動】2026年御茶水女子大學暑期活動,2026 Ochanomizu University summer program replaces the 2025 post,
B0 majority,oir-030,wrong_target,UPDATE,oir-755,UPDATE,,title,公告║花蓮縣政府111年度國際事務青年人才培訓計畫,111 edition of the Hualien county youth training replaces the 110 edition,
B0 majority,oir-055,wrong_target,UPDATE,oir-871,UPDATE,,semantic,公告║113年度國際事務青年人才培訓計畫,reworded | 113 Hualien international affairs youth training replaces the 112 edition; title dropped the county name,
B0 majority,oir-195,wrong_target,UPDATE,oir-809,UPDATE,,random,【暑期研習】2024 奧地利MCI因斯布魯克管理中心學院暑期營,reworded | 2024 MCI Innsbruck summer school replaces the 2022 MCI post,
B0 majority,oir-085,wrong_target,UPDATE,oir-796,UPDATE,,title,公告║教育部113年度人文社會科學學術人才跨國培育計畫甄選簡章,113 edition of the MOE humanities and social sciences talent program replaces the 112 edition,
B0 majority,oir-059,wrong_target,UPDATE,oir-539,UPDATE,,title,公告║2019年秋季赴全球姊妹校交換計畫_第三階段選填志願公告,next school-selection stage of the same 2019 fall round replaces the second-stage notice,
B0 majority,oir-087,wrong_target,UPDATE,oir-1189,UPDATE,,title,公告║115年教育部歐盟獎學金甄選開放申請,115 MOE EU scholarship call replaces the 114 edition,
B0 majority,oir-072,wrong_target,UPDATE,oir-403,UPDATE,,random,公告║選送青年赴新南向國家深度研習實施計畫開放申請!,new application round of the New Southbound youth study program replaces the June 2017 call,
B0 majority,oir-116,wrong_target,UPDATE,oir-1000,UPDATE,,title,【暑期研習】║關西外國語大學線上暑期活動,2025 Kansai Gaidai online summer program replaces the 2024 post,
B0 majority,oir-102,wrong_target,UPDATE,oir-879,UPDATE,,title,公告║113年度外交部選送青年學子赴海外國際非政府組織實習計畫,113 MOFA NGO internship call replaces the 112 edition,
B0 majority,oir-070,false_update,NEW,,UPDATE,,random,公告║「2020南美校際科研交流鏈結」,MOST South America research delegation; no earlier post about it,
B0 majority,oir-046,false_update,NEW,,UPDATE,,random,公告║琉球大學2017 RETI論壇徵稿邀請,University of the Ryukyus RETI forum call for papers; no earlier post about it,
B0 majority,oir-036,false_update,NEW,,UPDATE,,random,公告||2015澳洲昆士蘭大學亞洲申請說明會,University of Queensland application info session; no earlier post about it,
B0 majority,oir-005,false_update,NEW,,UPDATE,,title,公告║教育部「跨文化大使講座」系列之三十,template_trap | lecture no. 30 of the MOE cross-cultural ambassador series is a different lecture from no. 29,
B0 majority,oir-079,false_update,NEW,,UPDATE,,random,公告║2017年日本早稻田大學Summer Session,template_trap | Waseda summer session; the other 2017 summer programs are at different schools,
B0 majority,oir-154,false_update,NEW,,UPDATE,,random,公告║ 2023大陸地區暑期活動錄取結果_大連理工大學浪漫之旅,admission results for the Dalian summer camp; results are new information,
B0 majority,oir-015,false_update,NEW,,UPDATE,,random,徵才║國際教育合作處誠徵約聘人員(1/14截止),a new staff job opening; each vacancy is a separate posting,
B0 majority,oir-111,false_update,NEW,,UPDATE,,title,公告║印尼埃爾朗加大學(Airlangga University)線上論壇,template_trap | a different Airlangga University online event from the Jean Monnet and competition posts,
B0 majority,oir-038,false_update,NEW,,UPDATE,,random,【暑期研習】║日本東海大學暑期研習活動,"unsure | Tokai University (Japan) summer program call; the knowledge base only holds a 2015 results list, not an earlier call",
B0 majority,oir-129,false_update,NEW,,UPDATE,,random,公告|| 「2016年秋季長期交換生甄選」結果,results of the 2016 fall long-term exchange selection; results are new information,
B0 majority,oir-125,false_update,NEW,,UPDATE,,random,獎助結果║2022 教育部「高教深耕子計畫-2-4：多元培力邁向國際共學」國際移動力獎助結果公告,grant results for the Higher Education Sprout mobility call; results are new information,
B0 majority,oir-103,false_update,NEW,,UPDATE,,random,公告║澳洲新南威爾斯大學3+1+X雙聯學位宣傳活動,UNSW 3+1+X promotion at an education fair; the older UNSW posts are about the pre-program selection,
B0 majority,oir-098,false_update,NEW,,UPDATE,,random,訪賓||浙江傳媒學院訪問團蒞校參訪,news report of a delegation visit; each visit is a separate event,
B0 majority,oir-025,false_update,NEW,,UPDATE,,semantic,甄選║2017春大陸組交換生第二次甄選結果公告,second-round selection results; results are new information,
B0 majority,oir-068,false_update,NEW,,UPDATE,,title,放榜║2020年秋季國際學生接待志工錄取名單,admission list for the 2020 fall buddy volunteers; results are new information,
B0 majority,oir-061,false_update,NEW,,UPDATE,,random,公告║108年青年國內實習及海外參訪計畫,Taoyuan youth internship and overseas visit program; no earlier post about it,
B0 majority,oir-194,false_update,NEW,,UPDATE,,title,公告|| 2016年秋學期東海大學交換學生（大陸組）第二次甄選結果,second-round results for the 2016 fall mainland exchange; results are new information,
B0 majority,oir-007,false_update,NEW,,UPDATE,,title,公告║113年「海外人才經驗分享及國際連結(TaiwanGPS)計畫」留遊學宣導說明會,unsure | a specific TaiwanGPS session (disabled-student session) rather than the series announcement,
B0 majority,oir-076,false_update,NEW,,UPDATE,,title,公告║教育部「跨文化大使講座」系列之二十四及二十五,template_trap | lectures 24 and 25 of the cross-cultural ambassador series are different lectures from 22 and 23,
B0 majority,oir-196,false_update,NEW,,UPDATE,,random,公告║2022 第3屆 ASEAN 網路資訊科技與促進個性化學習,3rd AUN-TEPL symposium hosted by Universiti Malaya; no earlier post about it,
B0 majority,oir-097,false_update,NEW,,UPDATE,,random,「開創是我們的格言」（Pioneering will be our watchword）,"unsure | empty body, slogan-only title; nothing in the knowledge base matches",
B0 majority,oir-012,false_update,NEW,,UPDATE,,random,大專校院境外學生接待家庭（Light a Match Meet a Family，LMMF）計畫網站開放註冊！,new MOE host-family website; the 2014 post was a different host-family training course,
B0 majority,oir-135,false_update,NEW,,UPDATE,,random,公告║法國教育中心法國商學院系列講座 - 里昂商學院,template_trap | a French business school lecture about emlyon; no earlier lecture in this series is in the knowledge base,
B0 majority,oir-112,false_update,NEW,,UPDATE,,random,【獲獎公告】114學年第2學期 僑生獎學金獲獎公告,award announcement for the overseas Chinese student scholarship; results are new information,
B0 majority,oir-108,false_update,NEW,,UPDATE,,title,公告|| 「2016暑期鳥取大學文化研習活動」錄取名單,admission list for the Tottori summer program; results are new information,
B0 majority,oir-049,false_update,NEW,,UPDATE,,random,公告║2025年度日本台灣交流協會日本獎學金留學生(碩博士)獎學金資訊,unsure | long-term (master/PhD) JTEA scholarship call; the knowledge base only holds an info session and the short-term scholarship,
B0 majority,oir-187,false_update,NEW,,UPDATE,,random,公告║僑務委員會115年度各界捐贈僑生獎助學金開放申請,OCAC donated scholarships for overseas Chinese students; no earlier post about it,
B0 majority,oir-088,false_update,NEW,,UPDATE,,random,「東南亞人士來臺文化交流合作補助要點」（翡翠計畫）展開徵件作業,Ministry of Culture Southeast Asia exchange grant (Jade program); no earlier post about it,
B0 majority,oir-016,false_update,NEW,,UPDATE,,random,貝里斯大學附設之「區域語文中心」英語課程獎學金開放申請,University of Belize English-course scholarship; earlier UB posts are faculty programs,
B0 majority,oir-054,false_update,NEW,,UPDATE,,random,公告|| 「2015東亞學生交流計畫」錄取名單,admission list for the East Asia student exchange; results are new information,
B0 majority,oir-018,false_update,NEW,,UPDATE,,random,公告║大陸地區暑期活動錄取結果0428,admission results for mainland summer programs; results are new information,
B0 majority,oir-001,false_update,NEW,,UPDATE,,semantic,公告║外國學生學雜費,unsure | title says tuition fees but the body announces a Fulbright info session; a session is a separate event from the Fulbright call,
B0 majority,oir-100,false_update,NEW,,UPDATE,,title,徵才║國際教育合作處誠專案約聘人員1名(4/25截止),a new staff job opening; each vacancy is a separate posting,
B0 majority,oir-013,false_update,NEW,,UPDATE,,title,放榜║108學年度東海大學大陸學生獎學金獲獎名單,results list (award winners) for the mainland-student scholarship; results are new information,
B0 majority,oir-124,false_update,NEW,,UPDATE,,title,【短期研習】║東洋大學夏令營,template_trap | Toyo University summer camp is a different program from its winter camp,
B0 majority,oir-131,redundant_as_update,REDUNDANT,oir-828,UPDATE,,random,【短期活動】喬治亞州立大學暑期營,the same Georgia State University summer program post re-published three days later,
B0 majority,oir-157,redundant_as_update,REDUNDANT,oir-822,UPDATE,,title,公告║112年僑委會臺灣青年海外搭僑計畫開放申請!,unsure | fuller re-announcement of the same 112 OCAC overseas youth program already posted in January 2023,
B0 majority,oir-161,redundant_as_update,REDUNDANT,oir-950,UPDATE,,title,拉曼大學 Future Leaders Forum: Decoding the Skills and Mentality for Success,unsure | empty body; same UTAR Future Leaders Forum as the November 2023 post,
B0 majority,oir-023,redundant_as_update,REDUNDANT,oir-944,UPDATE,,title,2024年度日本國際交流基金會(The Japan Foundation)經費資助計畫,unsure | empty body; same title and same 2024 fiscal year as the Japan Foundation post from October 2023,
B1 metadata/title,oir-089,wrong_target,UPDATE,oir-833,UPDATE,oir-842,semantic,公告║教育部辦理113學年度斯拉夫語夏令營獎學金甄選簡章,113 Slavic-language summer camp scholarship replaces the 112 edition,
B1 metadata/title,oir-134,wrong_target,UPDATE,oir-431,UPDATE,oir-441,title,公告║2018年秋學期大陸組交換生甄選口試順序公告,interview order for the 2018 fall mainland selection replaces the one for 2018 spring,
B1 metadata/title,oir-132,missed_update,UPDATE,oir-358,NEW,,random,公告║2018年春學期長期交換計畫-大陸組心得分享會-,2018 spring mainland exchange experience-sharing session replaces the 2017 session,
B1 metadata/title,oir-075,missed_update,UPDATE,oir-775,NEW,,semantic,公告║2023 教育部「高教深耕子計畫-1-4：全球視野與國際接軌」國際移動力獎助開放申請,reworded unsure | 2023 Higher Education Sprout mobility grant (renumbered sub-project 1-4) replaces the 2022 call (sub-project 2-4),
B1 metadata/title,oir-173,wrong_target,UPDATE,oir-971,UPDATE,oir-1008,random,【暑期研習】║日本西南學院大學暑期活動,2025 Seinan Gakuin summer program replaces the 2024 post,
B1 metadata/title,oir-128,wrong_target,UPDATE,oir-1021,UPDATE,oir-852,semantic,公告║教育部114年教育部歐盟獎學金甄選簡章,114 MOE EU scholarship call replaces the 113 edition,
B1 metadata/title,oir-181,wrong_target,UPDATE,oir-1066,UPDATE,oir-812,semantic,公告║貝里斯大學「區域語文中心」獎學金開放申請,reworded | 2027 University of Belize RLC English scholarship replaces the 2024 Belize English-course scholarship call,
B1 metadata/title,oir-185,wrong_target,UPDATE,oir-819,UPDATE,oir-1064,title,【冬季研習】ACUCA 2025 年冬季線上微學位/證書課程,reworded | 2025 ACUCA winter online micro-degree replaces the Winter 2023 edition,
B1 metadata/title,oir-084,missed_update,UPDATE,oir-256,NEW,,semantic,2016年UMAP Program A 交換申請,next UMAP Program A exchange call replaces the 105-1 UMAP call,
B1 metadata/title,oir-155,wrong_target,UPDATE,oir-353,UPDATE,oir-369,semantic,2017年秋學期大陸組長期交換生第二次甄選,second selection round for 2017 fall mainland exchange reopens the February 2017 call with a new deadline,
B1 metadata/title,oir-171,wrong_target,UPDATE,oir-333,UPDATE,oir-487,random,公告║日本武藏野大學碩士學程申請,reworded | Musashino University master's program call replaces the 2017 graduate-school recommendation call,
B1 metadata/title,oir-184,wrong_target,UPDATE,oir-599,UPDATE,oir-717,semantic,公告║2021年春季赴全球姊妹校交換計畫甄試_團體口試,interview schedule for the 2021 spring round (with a changed date) replaces the 2020 fall schedule,
B1 metadata/title,oir-071,wrong_target,UPDATE,oir-376,UPDATE,oir-472,title,公告║(延長報名)2018年短期交流計畫-大陸組暑期營第三階段甄選,"unsure | extension of the 2018 third-stage mainland summer camp call; the original 2018 post is missing, so it replaces the 2017 third-stage call",
B1 metadata/title,oir-093,wrong_target,UPDATE,oir-799,UPDATE,oir-821,title,【線上活動】東洋大學線商用上日語課程,unsure | new session of the Toyo University business Japanese online course follows the November 2022 on-demand course,
B1 metadata/title,oir-048,wrong_target,UPDATE,oir-1236,UPDATE,oir-1241,title,東海大學 2026–2027 學年度秋季班外國學生獎助學金申請公告,reworded unsure | fall-intake round of the foreign student scholarship follows the spring-intake round of the same scholarship,
B1 metadata/title,oir-069,missed_update,UPDATE,oir-221,NEW,,semantic,公告||2017-2018 UB教職員進修計畫開放申請！,"reworded template_trap | 2017-2018 UB faculty enrichment program replaces the 2015 UB English enrichment call, not the UB visiting teacher program",
B1 metadata/title,oir-191,wrong_target,UPDATE,oir-825,UPDATE,oir-858,title,【短期活動】御茶水女子大學暑期活動,2024 Ochanomizu University summer program replaces the 2023 post,
B1 metadata/title,oir-167,wrong_target,UPDATE,oir-883,UPDATE,oir-978,title,公告║2024年日本台灣交流協會獎學金(短期留學生),2024 JTEA short-term scholarship replaces the 2023 call,
B1 metadata/title,oir-186,wrong_target,UPDATE,oir-1026,UPDATE,oir-1093,semantic,【暑期研習】║加拿大卡加里大學暑期營暨線上說明會,reworded | 2025 University of Calgary summer program replaces the 2024 Calgary summer post (different transliteration),
B1 metadata/title,oir-164,wrong_target,UPDATE,oir-1064,UPDATE,oir-1240,title,【暑期研習】ACUCA 2026 年暑期線上微學位/證書課程,2026 ACUCA summer online micro-degree replaces the 2024 summer edition,
B1 metadata/title,oir-145,missed_update,UPDATE,oir-461,NEW,,random,公告║2019年暑期(107-2)大陸夏令營甄選_0603,reworded | 2019 mainland summer camp selection replaces the 2018 mainland summer camp call,
B1 metadata/title,oir-105,wrong_target,UPDATE,oir-1124,UPDATE,oir-1171,title,【短期活動】2026年御茶水女子大學暑期活動,2026 Ochanomizu University summer program replaces the 2025 post,
B1 metadata/title,oir-072,wrong_target,UPDATE,oir-403,UPDATE,oir-372,random,公告║選送青年赴新南向國家深度研習實施計畫開放申請!,new application round of the New Southbound youth study program replaces the June 2017 call,
B1 metadata/title,oir-005,false_update,NEW,,UPDATE,oir-404,title,公告║教育部「跨文化大使講座」系列之三十,template_trap | lecture no. 30 of the MOE cross-cultural ambassador series is a different lecture from no. 29,
B1 metadata/title,oir-154,false_update,NEW,,UPDATE,oir-900,random,公告║ 2023大陸地區暑期活動錄取結果_大連理工大學浪漫之旅,admission results for the Dalian summer camp; results are new information,
B1 metadata/title,oir-015,false_update,NEW,,UPDATE,oir-380,random,徵才║國際教育合作處誠徵約聘人員(1/14截止),a new staff job opening; each vacancy is a separate posting,
B1 metadata/title,oir-111,false_update,NEW,,UPDATE,oir-713,title,公告║印尼埃爾朗加大學(Airlangga University)線上論壇,template_trap | a different Airlangga University online event from the Jean Monnet and competition posts,
B1 metadata/title,oir-129,false_update,NEW,,UPDATE,oir-219,random,公告|| 「2016年秋季長期交換生甄選」結果,results of the 2016 fall long-term exchange selection; results are new information,
B1 metadata/title,oir-125,false_update,NEW,,UPDATE,oir-775,random,獎助結果║2022 教育部「高教深耕子計畫-2-4：多元培力邁向國際共學」國際移動力獎助結果公告,grant results for the Higher Education Sprout mobility call; results are new information,
B1 metadata/title,oir-103,false_update,NEW,,UPDATE,oir-181,random,公告║澳洲新南威爾斯大學3+1+X雙聯學位宣傳活動,UNSW 3+1+X promotion at an education fair; the older UNSW posts are about the pre-program selection,
B1 metadata/title,oir-025,false_update,NEW,,UPDATE,oir-317,semantic,甄選║2017春大陸組交換生第二次甄選結果公告,second-round selection results; results are new information,
B1 metadata/title,oir-068,false_update,NEW,,UPDATE,oir-587,title,放榜║2020年秋季國際學生接待志工錄取名單,admission list for the 2020 fall buddy volunteers; results are new information,
B1 metadata/title,oir-194,false_update,NEW,,UPDATE,oir-268,title,公告|| 2016年秋學期東海大學交換學生（大陸組）第二次甄選結果,second-round results for the 2016 fall mainland exchange; results are new information,
B1 metadata/title,oir-007,false_update,NEW,,UPDATE,oir-1073,title,公告║113年「海外人才經驗分享及國際連結(TaiwanGPS)計畫」留遊學宣導說明會,unsure | a specific TaiwanGPS session (disabled-student session) rather than the series announcement,
B1 metadata/title,oir-076,false_update,NEW,,UPDATE,oir-383,title,公告║教育部「跨文化大使講座」系列之二十四及二十五,template_trap | lectures 24 and 25 of the cross-cultural ambassador series are different lectures from 22 and 23,
B1 metadata/title,oir-112,false_update,NEW,,UPDATE,oir-384,random,【獲獎公告】114學年第2學期 僑生獎學金獲獎公告,award announcement for the overseas Chinese student scholarship; results are new information,
B1 metadata/title,oir-108,false_update,NEW,,UPDATE,oir-197,title,公告|| 「2016暑期鳥取大學文化研習活動」錄取名單,admission list for the Tottori summer program; results are new information,
B1 metadata/title,oir-049,false_update,NEW,,UPDATE,oir-883,random,公告║2025年度日本台灣交流協會日本獎學金留學生(碩博士)獎學金資訊,unsure | long-term (master/PhD) JTEA scholarship call; the knowledge base only holds an info session and the short-term scholarship,
B1 metadata/title,oir-054,false_update,NEW,,UPDATE,oir-125,random,公告|| 「2015東亞學生交流計畫」錄取名單,admission list for the East Asia student exchange; results are new information,
B1 metadata/title,oir-100,false_update,NEW,,UPDATE,oir-245,title,徵才║國際教育合作處誠專案約聘人員1名(4/25截止),a new staff job opening; each vacancy is a separate posting,
B1 metadata/title,oir-013,false_update,NEW,,UPDATE,oir-553,title,放榜║108學年度東海大學大陸學生獎學金獲獎名單,results list (award winners) for the mainland-student scholarship; results are new information,
B1 metadata/title,oir-124,false_update,NEW,,UPDATE,oir-1080,title,【短期研習】║東洋大學夏令營,template_trap | Toyo University summer camp is a different program from its winter camp,
B1 metadata/title,oir-157,redundant_as_update,REDUNDANT,oir-822,UPDATE,oir-822,title,公告║112年僑委會臺灣青年海外搭僑計畫開放申請!,unsure | fuller re-announcement of the same 112 OCAC overseas youth program already posted in January 2023,
B1 metadata/title,oir-161,redundant_as_update,REDUNDANT,oir-950,UPDATE,oir-950,title,拉曼大學 Future Leaders Forum: Decoding the Skills and Mentality for Success,unsure | empty body; same UTAR Future Leaders Forum as the November 2023 post,
B1 metadata/title,oir-023,redundant_as_update,REDUNDANT,oir-944,UPDATE,oir-944,title,2024年度日本國際交流基金會(The Japan Foundation)經費資助計畫,unsure | empty body; same title and same 2024 fiscal year as the Japan Foundation post from October 2023,
B2 cosine (e5),oir-051,missed_update,UPDATE,oir-180,REDUNDANT,oir-180,title,招募║2016年春季國際學生接待志工招募開始囉！！,2016 spring buddy volunteer recruitment replaces the 2015 fall round,
B2 cosine (e5),oir-132,wrong_target,UPDATE,oir-358,UPDATE,oir-421,random,公告║2018年春學期長期交換計畫-大陸組心得分享會-,2018 spring mainland exchange experience-sharing session replaces the 2017 session,
B2 cosine (e5),oir-128,wrong_target,UPDATE,oir-1021,UPDATE,oir-852,semantic,公告║教育部114年教育部歐盟獎學金甄選簡章,114 MOE EU scholarship call replaces the 113 edition,
B2 cosine (e5),oir-152,wrong_target,UPDATE,oir-938,UPDATE,oir-891,title,公告║113年學年度第1學期教育部補助大學校院學生出國參加國際性學術技藝能競賽,113-1 MOE international competition subsidy replaces the 112-2 call,
B2 cosine (e5),oir-197,missed_update,UPDATE,oir-1129,NEW,,random,公告║2026年春學期赴全球姊妹校交換(交換生)甄試簡章,2026 spring exchange selection brochure replaces the 2025 fall one,
B2 cosine (e5),oir-181,wrong_target,UPDATE,oir-1066,UPDATE,oir-812,semantic,公告║貝里斯大學「區域語文中心」獎學金開放申請,reworded | 2027 University of Belize RLC English scholarship replaces the 2024 Belize English-course scholarship call,
B2 cosine (e5),oir-185,wrong_target,UPDATE,oir-819,UPDATE,oir-1064,title,【冬季研習】ACUCA 2025 年冬季線上微學位/證書課程,reworded | 2025 ACUCA winter online micro-degree replaces the Winter 2023 edition,
B2 cosine (e5),oir-122,wrong_target,UPDATE,oir-744,UPDATE,oir-759,title,公告║比利時根特科技大學國際學生線上交流活動,fall 2022 round of the Ghent virtual conversation rooms replaces the spring 2022 round,
B2 cosine (e5),oir-171,missed_update,UPDATE,oir-333,NEW,,random,公告║日本武藏野大學碩士學程申請,reworded | Musashino University master's program call replaces the 2017 graduate-school recommendation call,
B2 cosine (e5),oir-119,wrong_target,UPDATE,oir-154,UPDATE,oir-114,random,IBP║2015年秋季國際學生接待志工招募：面談時間公告,2015 fall buddy volunteer interview schedule replaces the 2015 spring schedule,
B2 cosine (e5),oir-071,missed_update,UPDATE,oir-376,NEW,,title,公告║(延長報名)2018年短期交流計畫-大陸組暑期營第三階段甄選,"unsure | extension of the 2018 third-stage mainland summer camp call; the original 2018 post is missing, so it replaces the 2017 third-stage call",
B2 cosine (e5),oir-082,wrong_target,UPDATE,oir-585,UPDATE,oir-556,title,IBP║2020年秋季國際學生接待志工招募：面談時間公告,2020 fall buddy volunteer interview schedule replaces the 2020 spring schedule,
B2 cosine (e5),oir-093,wrong_target,UPDATE,oir-799,UPDATE,oir-821,title,【線上活動】東洋大學線商用上日語課程,unsure | new session of the Toyo University business Japanese online course follows the November 2022 on-demand course,
B2 cosine (e5),oir-069,wrong_target,UPDATE,oir-221,UPDATE,oir-306,semantic,公告||2017-2018 UB教職員進修計畫開放申請！,"reworded template_trap | 2017-2018 UB faculty enrichment program replaces the 2015 UB English enrichment call, not the UB visiting teacher program",
B2 cosine (e5),oir-182,wrong_target,UPDATE,oir-852,UPDATE,oir-741,semantic,公告║113年教育部歐盟獎學金開放申請,113 MOE EU scholarship call replaces the 112 edition,
B2 cosine (e5),oir-189,wrong_target,UPDATE,oir-194,UPDATE,oir-154,random,IBP║2016年春季國際學生接待志工招募：面談時間公告,2016 spring buddy volunteer interview schedule replaces the 2015 fall schedule,
B2 cosine (e5),oir-057,wrong_target,UPDATE,oir-1151,UPDATE,oir-928,random,公告║亞太大學交流會（簡稱UMAP）交換計畫甄選,fall 2025 UMAP exchange selection replaces the spring 2025 call with the same title,
B2 cosine (e5),oir-136,missed_update,UPDATE,oir-1177,REDUNDANT,oir-1177,title,公告║114年學年度第2學期教育部補助大學校院學生出國參加國際性學術技藝能競賽,114-2 MOE international competition subsidy replaces the 114-1 call,
B2 cosine (e5),oir-165,wrong_target,UPDATE,oir-478,UPDATE,oir-443,title,招募║2019年春季國際學生接待志工招募開始囉！！,2019 spring buddy volunteer recruitment replaces the 2018 fall round,
B2 cosine (e5),oir-028,wrong_target,UPDATE,oir-1006,UPDATE,oir-881,semantic,【暑期研習】║鳥取大學線上暑期研習活動,reworded | 2025 Tottori University (online) summer program replaces the 2024 Tottori summer post,
B2 cosine (e5),oir-192,wrong_target,UPDATE,oir-1034,UPDATE,oir-883,random,公告║2025年日本台灣交流協會獎學金(短期留學生),2025 JTEA short-term scholarship replaces the 2024 call,
B2 cosine (e5),oir-145,missed_update,UPDATE,oir-461,NEW,,random,公告║2019年暑期(107-2)大陸夏令營甄選_0603,reworded | 2019 mainland summer camp selection replaces the 2018 mainland summer camp call,
B2 cosine (e5),oir-166,wrong_target,UPDATE,oir-1090,UPDATE,oir-862,title,公告║關西學院大學交換計畫線上說明會,2026 Kwansei Gakuin exchange info session replaces the October 2024 session,
B2 cosine (e5),oir-055,wrong_target,UPDATE,oir-871,UPDATE,oir-742,semantic,公告║113年度國際事務青年人才培訓計畫,reworded | 113 Hualien international affairs youth training replaces the 112 edition; title dropped the county name,
B2 cosine (e5),oir-072,wrong_target,UPDATE,oir-403,UPDATE,oir-372,random,公告║選送青年赴新南向國家深度研習實施計畫開放申請!,new application round of the New Southbound youth study program replaces the June 2017 call,
B2 cosine (e5),oir-154,false_update,NEW,,UPDATE,oir-554,random,公告║ 2023大陸地區暑期活動錄取結果_大連理工大學浪漫之旅,admission results for the Dalian summer camp; results are new information,
B2 cosine (e5),oir-111,false_update,NEW,,UPDATE,oir-712,title,公告║印尼埃爾朗加大學(Airlangga University)線上論壇,template_trap | a different Airlangga University online event from the Jean Monnet and competition posts,
B2 cosine (e5),oir-038,false_update,NEW,,UPDATE,oir-858,random,【暑期研習】║日本東海大學暑期研習活動,"unsure | Tokai University (Japan) summer program call; the knowledge base only holds a 2015 results list, not an earlier call",
B2 cosine (e5),oir-098,false_update,NEW,,UPDATE,oir-161,random,訪賓||浙江傳媒學院訪問團蒞校參訪,news report of a delegation visit; each visit is a separate event,
B2 cosine (e5),oir-025,false_update,NEW,,UPDATE,oir-317,semantic,甄選║2017春大陸組交換生第二次甄選結果公告,second-round selection results; results are new information,
B2 cosine (e5),oir-068,false_update,NEW,,UPDATE,oir-560,title,放榜║2020年秋季國際學生接待志工錄取名單,admission list for the 2020 fall buddy volunteers; results are new information,
B2 cosine (e5),oir-194,false_update,NEW,,UPDATE,oir-262,title,公告|| 2016年秋學期東海大學交換學生（大陸組）第二次甄選結果,second-round results for the 2016 fall mainland exchange; results are new information,
B2 cosine (e5),oir-007,false_update,NEW,,UPDATE,oir-1073,title,公告║113年「海外人才經驗分享及國際連結(TaiwanGPS)計畫」留遊學宣導說明會,unsure | a specific TaiwanGPS session (disabled-student session) rather than the series announcement,
B2 cosine (e5),oir-108,false_update,NEW,,UPDATE,oir-178,title,公告|| 「2016暑期鳥取大學文化研習活動」錄取名單,admission list for the Tottori summer program; results are new information,
B2 cosine (e5),oir-018,false_update,NEW,,UPDATE,oir-536,random,公告║大陸地區暑期活動錄取結果0428,admission results for mainland summer programs; results are new information,
B2 cosine (e5),oir-001,false_update,NEW,,UPDATE,oir-724,semantic,公告║外國學生學雜費,unsure | title says tuition fees but the body announces a Fulbright info session; a session is a separate event from the Fulbright call,
B2 cosine (e5),oir-100,false_update,NEW,,UPDATE,oir-193,title,徵才║國際教育合作處誠專案約聘人員1名(4/25截止),a new staff job opening; each vacancy is a separate posting,
B2 cosine (e5),oir-013,false_update,NEW,,UPDATE,oir-553,title,放榜║108學年度東海大學大陸學生獎學金獲獎名單,results list (award winners) for the mainland-student scholarship; results are new information,
B2 cosine (e5),oir-124,false_update,NEW,,UPDATE,oir-1080,title,【短期研習】║東洋大學夏令營,template_trap | Toyo University summer camp is a different program from its winter camp,
B2 cosine (e5),oir-131,redundant_as_update,REDUNDANT,oir-828,UPDATE,oir-828,random,【短期活動】喬治亞州立大學暑期營,the same Georgia State University summer program post re-published three days later,
B2 cosine (e5),oir-157,redundant_as_update,REDUNDANT,oir-822,UPDATE,oir-590,title,公告║112年僑委會臺灣青年海外搭僑計畫開放申請!,unsure | fuller re-announcement of the same 112 OCAC overseas youth program already posted in January 2023,
B2 cosine (e5),oir-161,redundant_as_new,REDUNDANT,oir-950,NEW,,title,拉曼大學 Future Leaders Forum: Decoding the Skills and Mentality for Success,unsure | empty body; same UTAR Future Leaders Forum as the November 2023 post,
B2 cosine (e5),oir-023,redundant_as_update,REDUNDANT,oir-944,UPDATE,oir-944,title,2024年度日本國際交流基金會(The Japan Foundation)經費資助計畫,unsure | empty body; same title and same 2024 fiscal year as the Japan Foundation post from October 2023,
B3 BM25,oir-128,wrong_target,UPDATE,oir-1021,UPDATE,oir-852,semantic,公告║教育部114年教育部歐盟獎學金甄選簡章,114 MOE EU scholarship call replaces the 113 edition,
B3 BM25,oir-200,missed_update,UPDATE,oir-1027,NEW,,title,公告║教育部辦理 114年波蘭政府獎學金甄選簡章,114 Polish government scholarship replaces the 113 edition,
B3 BM25,oir-197,wrong_target,UPDATE,oir-1129,UPDATE,oir-1076,random,公告║2026年春學期赴全球姊妹校交換(交換生)甄試簡章,2026 spring exchange selection brochure replaces the 2025 fall one,
B3 BM25,oir-185,wrong_target,UPDATE,oir-819,UPDATE,oir-1064,title,【冬季研習】ACUCA 2025 年冬季線上微學位/證書課程,reworded | 2025 ACUCA winter online micro-degree replaces the Winter 2023 edition,
B3 BM25,oir-122,missed_update,UPDATE,oir-744,NEW,,title,公告║比利時根特科技大學國際學生線上交流活動,fall 2022 round of the Ghent virtual conversation rooms replaces the spring 2022 round,
B3 BM25,oir-159,wrong_target,UPDATE,oir-1077,UPDATE,oir-1111,title,【暑期研習】越南融促大學-2025你好越南短期營,2025 FPT University Hello Vietnam camp replaces the 2024 edition,
B3 BM25,oir-171,missed_update,UPDATE,oir-333,NEW,,random,公告║日本武藏野大學碩士學程申請,reworded | Musashino University master's program call replaces the 2017 graduate-school recommendation call,
B3 BM25,oir-133,wrong_target,UPDATE,oir-523,UPDATE,oir-509,title,公告║109年度「臺灣與拉丁美洲文化交流合作補助要點」開放申請！,109 Taiwan-Latin America cultural exchange grant replaces the 108 edition,
B3 BM25,oir-093,wrong_target,UPDATE,oir-799,UPDATE,oir-821,title,【線上活動】東洋大學線商用上日語課程,unsure | new session of the Toyo University business Japanese online course follows the November 2022 on-demand course,
B3 BM25,oir-069,wrong_target,UPDATE,oir-221,UPDATE,oir-306,semantic,公告||2017-2018 UB教職員進修計畫開放申請！,"reworded template_trap | 2017-2018 UB faculty enrichment program replaces the 2015 UB English enrichment call, not the UB visiting teacher program",
B3 BM25,oir-179,wrong_target,UPDATE,oir-1243,UPDATE,oir-1191,title,公告║2026秋季季國際處國際接待志工招募中！,2026 fall buddy volunteer recruitment replaces the 2026 spring round,
B3 BM25,oir-182,wrong_target,UPDATE,oir-852,UPDATE,oir-741,semantic,公告║113年教育部歐盟獎學金開放申請,113 MOE EU scholarship call replaces the 112 edition,
B3 BM25,oir-189,wrong_target,UPDATE,oir-194,UPDATE,oir-154,random,IBP║2016年春季國際學生接待志工招募：面談時間公告,2016 spring buddy volunteer interview schedule replaces the 2015 fall schedule,
B3 BM25,oir-186,wrong_target,UPDATE,oir-1026,UPDATE,oir-997,semantic,【暑期研習】║加拿大卡加里大學暑期營暨線上說明會,reworded | 2025 University of Calgary summer program replaces the 2024 Calgary summer post (different transliteration),
B3 BM25,oir-057,wrong_target,UPDATE,oir-1151,UPDATE,oir-1075,random,公告║亞太大學交流會（簡稱UMAP）交換計畫甄選,fall 2025 UMAP exchange selection replaces the spring 2025 call with the same title,
B3 BM25,oir-003,wrong_target,UPDATE,oir-589,UPDATE,oir-824,random,公告║教育部辦理112學年斯拉夫語夏令營獎學金開放申請！,old_predecessor | 112 edition of the MOE Slavic-language summer camp scholarship; replaces the 109 edition,
B3 BM25,oir-165,wrong_target,UPDATE,oir-478,UPDATE,oir-329,title,招募║2019年春季國際學生接待志工招募開始囉！！,2019 spring buddy volunteer recruitment replaces the 2018 fall round,
B3 BM25,oir-145,missed_update,UPDATE,oir-461,NEW,,random,公告║2019年暑期(107-2)大陸夏令營甄選_0603,reworded | 2019 mainland summer camp selection replaces the 2018 mainland summer camp call,
B3 BM25,oir-166,wrong_target,UPDATE,oir-1090,UPDATE,oir-862,title,公告║關西學院大學交換計畫線上說明會,2026 Kwansei Gakuin exchange info session replaces the October 2024 session,
B3 BM25,oir-055,wrong_target,UPDATE,oir-871,UPDATE,oir-742,semantic,公告║113年度國際事務青年人才培訓計畫,reworded | 113 Hualien international affairs youth training replaces the 112 edition; title dropped the county name,
B3 BM25,oir-195,wrong_target,UPDATE,oir-809,UPDATE,oir-888,random,【暑期研習】2024 奧地利MCI因斯布魯克管理中心學院暑期營,reworded | 2024 MCI Innsbruck summer school replaces the 2022 MCI post,
B3 BM25,oir-072,missed_update,UPDATE,oir-403,NEW,,random,公告║選送青年赴新南向國家深度研習實施計畫開放申請!,new application round of the New Southbound youth study program replaces the June 2017 call,
B3 BM25,oir-154,false_update,NEW,,UPDATE,oir-898,random,公告║ 2023大陸地區暑期活動錄取結果_大連理工大學浪漫之旅,admission results for the Dalian summer camp; results are new information,
B3 BM25,oir-111,false_update,NEW,,UPDATE,oir-712,title,公告║印尼埃爾朗加大學(Airlangga University)線上論壇,template_trap | a different Airlangga University online event from the Jean Monnet and competition posts,
B3 BM25,oir-038,false_update,NEW,,UPDATE,oir-867,random,【暑期研習】║日本東海大學暑期研習活動,"unsure | Tokai University (Japan) summer program call; the knowledge base only holds a 2015 results list, not an earlier call",
B3 BM25,oir-129,false_update,NEW,,UPDATE,oir-220,random,公告|| 「2016年秋季長期交換生甄選」結果,results of the 2016 fall long-term exchange selection; results are new information,
B3 BM25,oir-098,false_update,NEW,,UPDATE,oir-87,random,訪賓||浙江傳媒學院訪問團蒞校參訪,news report of a delegation visit; each visit is a separate event,
B3 BM25,oir-025,false_update,NEW,,UPDATE,oir-317,semantic,甄選║2017春大陸組交換生第二次甄選結果公告,second-round selection results; results are new information,
B3 BM25,oir-068,false_update,NEW,,UPDATE,oir-492,title,放榜║2020年秋季國際學生接待志工錄取名單,admission list for the 2020 fall buddy volunteers; results are new information,
B3 BM25,oir-194,false_update,NEW,,UPDATE,oir-262,title,公告|| 2016年秋學期東海大學交換學生（大陸組）第二次甄選結果,second-round results for the 2016 fall mainland exchange; results are new information,
B3 BM25,oir-076,false_update,NEW,,UPDATE,oir-383,title,公告║教育部「跨文化大使講座」系列之二十四及二十五,template_trap | lectures 24 and 25 of the cross-cultural ambassador series are different lectures from 22 and 23,
B3 BM25,oir-108,false_update,NEW,,UPDATE,oir-197,title,公告|| 「2016暑期鳥取大學文化研習活動」錄取名單,admission list for the Tottori summer program; results are new information,
B3 BM25,oir-054,false_update,NEW,,UPDATE,oir-197,random,公告|| 「2015東亞學生交流計畫」錄取名單,admission list for the East Asia student exchange; results are new information,
B3 BM25,oir-018,false_update,NEW,,UPDATE,oir-536,random,公告║大陸地區暑期活動錄取結果0428,admission results for mainland summer programs; results are new information,
B3 BM25,oir-001,false_update,NEW,,UPDATE,oir-724,semantic,公告║外國學生學雜費,unsure | title says tuition fees but the body announces a Fulbright info session; a session is a separate event from the Fulbright call,
B3 BM25,oir-100,false_update,NEW,,UPDATE,oir-245,title,徵才║國際教育合作處誠專案約聘人員1名(4/25截止),a new staff job opening; each vacancy is a separate posting,
B3 BM25,oir-013,false_update,NEW,,UPDATE,oir-553,title,放榜║108學年度東海大學大陸學生獎學金獲獎名單,results list (award winners) for the mainland-student scholarship; results are new information,
B3 BM25,oir-124,false_update,NEW,,UPDATE,oir-1080,title,【短期研習】║東洋大學夏令營,template_trap | Toyo University summer camp is a different program from its winter camp,
B3 BM25,oir-157,redundant_as_update,REDUNDANT,oir-822,UPDATE,oir-590,title,公告║112年僑委會臺灣青年海外搭僑計畫開放申請!,unsure | fuller re-announcement of the same 112 OCAC overseas youth program already posted in January 2023,
B3 BM25,oir-161,redundant_as_update,REDUNDANT,oir-950,UPDATE,oir-950,title,拉曼大學 Future Leaders Forum: Decoding the Skills and Mentality for Success,unsure | empty body; same UTAR Future Leaders Forum as the November 2023 post,
B4 reranker,oir-022,wrong_target,UPDATE,oir-521,UPDATE,oir-308,semantic,公告║國際基督教大學碩/博學位獎學金,ICU master/PhD scholarship call for the next intake replaces the 2018 call,
B4 reranker,oir-089,missed_update,UPDATE,oir-833,NEW,,semantic,公告║教育部辦理113學年度斯拉夫語夏令營獎學金甄選簡章,113 Slavic-language summer camp scholarship replaces the 112 edition,
B4 reranker,oir-134,missed_update,UPDATE,oir-431,REDUNDANT,oir-375,title,公告║2018年秋學期大陸組交換生甄選口試順序公告,interview order for the 2018 fall mainland selection replaces the one for 2018 spring,
B4 reranker,oir-096,missed_update,UPDATE,oir-596,NEW,,semantic,公告║111年度外交部選送青年學子赴海外國際非政府組織實習計畫開放申請,111 MOFA NGO internship call replaces the 109 edition,
B4 reranker,oir-051,wrong_target,UPDATE,oir-180,UPDATE,oir-20,title,招募║2016年春季國際學生接待志工招募開始囉！！,2016 spring buddy volunteer recruitment replaces the 2015 fall round,
B4 reranker,oir-058,missed_update,UPDATE,oir-295|oir-256,REDUNDANT,oir-199,semantic,公告|| 2017年UMAP Program A與Program B交換計畫開放申請,2017 UMAP Program A/B call replaces the 2016 UMAP exchange calls,
B4 reranker,oir-017,wrong_target,UPDATE,oir-980,UPDATE,oir-570,random,公告║2025年春學期東海大學赴全球姊妹校交換甄試(報名截止),2025 spring exchange selection call replaces the 2024 fall call,
B4 reranker,oir-132,missed_update,UPDATE,oir-358,NEW,,random,公告║2018年春學期長期交換計畫-大陸組心得分享會-,2018 spring mainland exchange experience-sharing session replaces the 2017 session,
B4 reranker,oir-075,missed_update,UPDATE,oir-775,NEW,,semantic,公告║2023 教育部「高教深耕子計畫-1-4：全球視野與國際接軌」國際移動力獎助開放申請,reworded unsure | 2023 Higher Education Sprout mobility grant (renumbered sub-project 1-4) replaces the 2022 call (sub-project 2-4),
B4 reranker,oir-173,wrong_target,UPDATE,oir-971,UPDATE,oir-343,random,【暑期研習】║日本西南學院大學暑期活動,2025 Seinan Gakuin summer program replaces the 2024 post,
B4 reranker,oir-086,wrong_target,UPDATE,oir-200,UPDATE,oir-199,semantic,公告||UMAP 105年學年度第一學期交換學生計畫甄選開放,UMAP 105-1 exchange call replaces the 104-2 call,
B4 reranker,oir-190,wrong_target,UPDATE,oir-316,UPDATE,oir-286,title,陸生║東海大學大陸學生獎學金開始受理申請,106 mainland-student scholarship call replaces the 2016 call,
B4 reranker,oir-152,wrong_target,UPDATE,oir-938,UPDATE,oir-784,title,公告║113年學年度第1學期教育部補助大學校院學生出國參加國際性學術技藝能競賽,113-1 MOE international competition subsidy replaces the 112-2 call,
B4 reranker,oir-150,missed_update,UPDATE,oir-848,REDUNDANT,oir-848,random,學海惜珠獎學金申請公告(~2023.11.20),new application round of the Xuehai Xizhu scholarship replaces the February 2023 call,
B4 reranker,oir-200,wrong_target,UPDATE,oir-1027,UPDATE,oir-842,title,公告║教育部辦理 114年波蘭政府獎學金甄選簡章,114 Polish government scholarship replaces the 113 edition,
B4 reranker,oir-042,wrong_target,UPDATE,oir-860,UPDATE,oir-739,title,公告║英國倫敦政經學院台灣校友會獎狀,2026 LSE Taiwan alumni award call replaces the 2023 call,
B4 reranker,oir-181,wrong_target,UPDATE,oir-1066,UPDATE,oir-812,semantic,公告║貝里斯大學「區域語文中心」獎學金開放申請,reworded | 2027 University of Belize RLC English scholarship replaces the 2024 Belize English-course scholarship call,
B4 reranker,oir-185,missed_update,UPDATE,oir-819,NEW,,title,【冬季研習】ACUCA 2025 年冬季線上微學位/證書課程,reworded | 2025 ACUCA winter online micro-degree replaces the Winter 2023 edition,
B4 reranker,oir-084,wrong_target,UPDATE,oir-256,UPDATE,oir-271,semantic,2016年UMAP Program A 交換申請,next UMAP Program A exchange call replaces the 105-1 UMAP call,
B4 reranker,oir-155,missed_update,UPDATE,oir-353,REDUNDANT,oir-219,semantic,2017年秋學期大陸組長期交換生第二次甄選,second selection round for 2017 fall mainland exchange reopens the February 2017 call with a new deadline,
B4 reranker,oir-122,missed_update,UPDATE,oir-744,REDUNDANT,oir-744,title,公告║比利時根特科技大學國際學生線上交流活動,fall 2022 round of the Ghent virtual conversation rooms replaces the spring 2022 round,
B4 reranker,oir-159,wrong_target,UPDATE,oir-1077,UPDATE,oir-1069,title,【暑期研習】越南融促大學-2025你好越南短期營,2025 FPT University Hello Vietnam camp replaces the 2024 edition,
B4 reranker,oir-177,wrong_target,UPDATE,oir-527,UPDATE,oir-123,title,公告║日本關西學院大學碩博士學程申請,Kwansei Gakuin master/PhD call for the next intake replaces the 2019 master's call,
B4 reranker,oir-138,missed_update,UPDATE,oir-922,NEW,,semantic,【短期研習】║北星學園大學2024年EASCOM研習,2024 Hokusei Gakuen EASCOM program replaces the 2023 Hokusei program post,
B4 reranker,oir-119,wrong_target,UPDATE,oir-154,UPDATE,oir-180,random,IBP║2015年秋季國際學生接待志工招募：面談時間公告,2015 fall buddy volunteer interview schedule replaces the 2015 spring schedule,
B4 reranker,oir-067,missed_update,UPDATE,oir-588,NEW,,title,公告║教育部111學年赴捷克高等教育機構短期進修/ 研究獎學金,111 Czech short-term study scholarship replaces the 109 edition,
B4 reranker,oir-130,wrong_target,UPDATE,oir-600,UPDATE,oir-517,random,公告║2021年春季赴全球姊妹校交換計畫甄試_選填學校場次表,school-selection schedule for the 2021 spring round replaces the one for the 2020 fall round,
B4 reranker,oir-127,wrong_target,UPDATE,oir-335,UPDATE,oir-201,title,公告║107年文化部臺灣與拉丁美洲文化交流合作補助要點開放申請！,107 Taiwan-Latin America cultural exchange grant replaces the previous call,
B4 reranker,oir-184,wrong_target,UPDATE,oir-599,UPDATE,oir-717,semantic,公告║2021年春季赴全球姊妹校交換計畫甄試_團體口試,interview schedule for the 2021 spring round (with a changed date) replaces the 2020 fall schedule,
B4 reranker,oir-133,missed_update,UPDATE,oir-523,REDUNDANT,oir-201,title,公告║109年度「臺灣與拉丁美洲文化交流合作補助要點」開放申請！,109 Taiwan-Latin America cultural exchange grant replaces the 108 edition,
B4 reranker,oir-082,wrong_target,UPDATE,oir-585,UPDATE,oir-114,title,IBP║2020年秋季國際學生接待志工招募：面談時間公告,2020 fall buddy volunteer interview schedule replaces the 2020 spring schedule,
B4 reranker,oir-146,wrong_target,UPDATE,oir-424,UPDATE,oir-457,semantic,公告║2018年秋學期長期交換計畫-大陸組交換經驗分享會-,2018 fall mainland exchange experience-sharing session replaces the 2018 spring session,
B4 reranker,oir-093,wrong_target,UPDATE,oir-799,UPDATE,oir-821,title,【線上活動】東洋大學線商用上日語課程,unsure | new session of the Toyo University business Japanese online course follows the November 2022 on-demand course,
B4 reranker,oir-048,missed_update,UPDATE,oir-1236,REDUNDANT,oir-727,title,東海大學 2026–2027 學年度秋季班外國學生獎助學金申請公告,reworded unsure | fall-intake round of the foreign student scholarship follows the spring-intake round of the same scholarship,
B4 reranker,oir-053,wrong_target,UPDATE,oir-903,UPDATE,oir-780,title,公告║2024秋季國際處國際接待志工招募中！,2024 fall buddy volunteer recruitment replaces the 2024 spring round,
B4 reranker,oir-168,wrong_target,UPDATE,oir-1219,UPDATE,oir-1005,random,公告║2026/2027斯洛伐克國家獎學金計畫即日起開放申請,2026/2027 Slovak national scholarship call replaces the October 2025 call,
B4 reranker,oir-179,missed_update,UPDATE,oir-1243,NEW,,title,公告║2026秋季季國際處國際接待志工招募中！,2026 fall buddy volunteer recruitment replaces the 2026 spring round,
B4 reranker,oir-182,wrong_target,UPDATE,oir-852,UPDATE,oir-563,semantic,公告║113年教育部歐盟獎學金開放申請,113 MOE EU scholarship call replaces the 112 edition,
B4 reranker,oir-189,wrong_target,UPDATE,oir-194,UPDATE,oir-80,random,IBP║2016年春季國際學生接待志工招募：面談時間公告,2016 spring buddy volunteer interview schedule replaces the 2015 fall schedule,
B4 reranker,oir-156,missed_update,UPDATE,oir-372,REDUNDANT,oir-372,semantic,公告║教育部青年發展署「選送青年赴新南向國家深度研習計畫」徵件,added third application round of the New Southbound youth study program replaces the March 2017 call,
B4 reranker,oir-153,wrong_target,UPDATE,oir-508,UPDATE,oir-282,semantic,公告║109年度人文社會科學學術人才跨國培育計畫甄選簡章,109 edition of the MOE humanities and social sciences talent program replaces the 108 edition,
B4 reranker,oir-164,missed_update,UPDATE,oir-1064,NEW,,title,【暑期研習】ACUCA 2026 年暑期線上微學位/證書課程,2026 ACUCA summer online micro-degree replaces the 2024 summer edition,
B4 reranker,oir-057,wrong_target,UPDATE,oir-1151,UPDATE,oir-928,random,公告║亞太大學交流會（簡稱UMAP）交換計畫甄選,fall 2025 UMAP exchange selection replaces the spring 2025 call with the same title,
B4 reranker,oir-003,missed_update,UPDATE,oir-589,NEW,,random,公告║教育部辦理112學年斯拉夫語夏令營獎學金開放申請！,old_predecessor | 112 edition of the MOE Slavic-language summer camp scholarship; replaces the 109 edition,
B4 reranker,oir-121,missed_update,UPDATE,oir-179,REDUNDANT,oir-179,title,公告║原住民族委員會108年度Mataisah原夢計畫開放申請!!,old_predecessor | 108 Mataisah indigenous youth program replaces the 104 edition,
B4 reranker,oir-136,missed_update,UPDATE,oir-1177,REDUNDANT,oir-1044,title,公告║114年學年度第2學期教育部補助大學校院學生出國參加國際性學術技藝能競賽,114-2 MOE international competition subsidy replaces the 114-1 call,
B4 reranker,oir-165,wrong_target,UPDATE,oir-478,UPDATE,oir-142,title,招募║2019年春季國際學生接待志工招募開始囉！！,2019 spring buddy volunteer recruitment replaces the 2018 fall round,
B4 reranker,oir-028,missed_update,UPDATE,oir-1006,NEW,,semantic,【暑期研習】║鳥取大學線上暑期研習活動,reworded | 2025 Tottori University (online) summer program replaces the 2024 Tottori summer post,
B4 reranker,oir-145,missed_update,UPDATE,oir-461,NEW,,random,公告║2019年暑期(107-2)大陸夏令營甄選_0603,reworded | 2019 mainland summer camp selection replaces the 2018 mainland summer camp call,
B4 reranker,oir-105,wrong_target,UPDATE,oir-1124,UPDATE,oir-825,title,【短期活動】2026年御茶水女子大學暑期活動,2026 Ochanomizu University summer program replaces the 2025 post,
B4 reranker,oir-055,wrong_target,UPDATE,oir-871,UPDATE,oir-742,semantic,公告║113年度國際事務青年人才培訓計畫,reworded | 113 Hualien international affairs youth training replaces the 112 edition; title dropped the county name,
B4 reranker,oir-085,missed_update,UPDATE,oir-796,NEW,,title,公告║教育部113年度人文社會科學學術人才跨國培育計畫甄選簡章,113 edition of the MOE humanities and social sciences talent program replaces the 112 edition,
B4 reranker,oir-059,wrong_target,UPDATE,oir-539,UPDATE,oir-531,title,公告║2019年秋季赴全球姊妹校交換計畫_第三階段選填志願公告,next school-selection stage of the same 2019 fall round replaces the second-stage notice,
B4 reranker,oir-087,wrong_target,UPDATE,oir-1189,UPDATE,oir-1021,title,公告║115年教育部歐盟獎學金甄選開放申請,115 MOE EU scholarship call replaces the 114 edition,
B4 reranker,oir-072,wrong_target,UPDATE,oir-403,UPDATE,oir-372,random,公告║選送青年赴新南向國家深度研習實施計畫開放申請!,new application round of the New Southbound youth study program replaces the June 2017 call,
B4 reranker,oir-116,wrong_target,UPDATE,oir-1000,UPDATE,oir-854,title,【暑期研習】║關西外國語大學線上暑期活動,2025 Kansai Gaidai online summer program replaces the 2024 post,
B4 reranker,oir-102,missed_update,UPDATE,oir-879,NEW,,title,公告║113年度外交部選送青年學子赴海外國際非政府組織實習計畫,113 MOFA NGO internship call replaces the 112 edition,
B4 reranker,oir-046,false_update,NEW,,UPDATE,oir-330,random,公告║琉球大學2017 RETI論壇徵稿邀請,University of the Ryukyus RETI forum call for papers; no earlier post about it,
B4 reranker,oir-036,false_update,NEW,,UPDATE,oir-138,random,公告||2015澳洲昆士蘭大學亞洲申請說明會,University of Queensland application info session; no earlier post about it,
B4 reranker,oir-154,false_update,NEW,,UPDATE,oir-887,random,公告║ 2023大陸地區暑期活動錄取結果_大連理工大學浪漫之旅,admission results for the Dalian summer camp; results are new information,
B4 reranker,oir-015,false_update,NEW,,UPDATE,oir-53,random,徵才║國際教育合作處誠徵約聘人員(1/14截止),a new staff job opening; each vacancy is a separate posting,
B4 reranker,oir-111,false_update,NEW,,UPDATE,oir-723,title,公告║印尼埃爾朗加大學(Airlangga University)線上論壇,template_trap | a different Airlangga University online event from the Jean Monnet and competition posts,
B4 reranker,oir-129,false_update,NEW,,UPDATE,oir-219,random,公告|| 「2016年秋季長期交換生甄選」結果,results of the 2016 fall long-term exchange selection; results are new information,
B4 reranker,oir-125,false_update,NEW,,UPDATE,oir-775,random,獎助結果║2022 教育部「高教深耕子計畫-2-4：多元培力邁向國際共學」國際移動力獎助結果公告,grant results for the Higher Education Sprout mobility call; results are new information,
B4 reranker,oir-103,false_update,NEW,,UPDATE,oir-181,random,公告║澳洲新南威爾斯大學3+1+X雙聯學位宣傳活動,UNSW 3+1+X promotion at an education fair; the older UNSW posts are about the pre-program selection,
B4 reranker,oir-025,false_update,NEW,,UPDATE,oir-317,semantic,甄選║2017春大陸組交換生第二次甄選結果公告,second-round selection results; results are new information,
B4 reranker,oir-194,new_as_redundant,NEW,,REDUNDANT,oir-268,title,公告|| 2016年秋學期東海大學交換學生（大陸組）第二次甄選結果,second-round results for the 2016 fall mainland exchange; results are new information,
B4 reranker,oir-007,false_update,NEW,,UPDATE,oir-1068,title,公告║113年「海外人才經驗分享及國際連結(TaiwanGPS)計畫」留遊學宣導說明會,unsure | a specific TaiwanGPS session (disabled-student session) rather than the series announcement,
B4 reranker,oir-076,false_update,NEW,,UPDATE,oir-355,title,公告║教育部「跨文化大使講座」系列之二十四及二十五,template_trap | lectures 24 and 25 of the cross-cultural ambassador series are different lectures from 22 and 23,
B4 reranker,oir-135,false_update,NEW,,UPDATE,oir-199,random,公告║法國教育中心法國商學院系列講座 - 里昂商學院,template_trap | a French business school lecture about emlyon; no earlier lecture in this series is in the knowledge base,
B4 reranker,oir-112,false_update,NEW,,UPDATE,oir-384,random,【獲獎公告】114學年第2學期 僑生獎學金獲獎公告,award announcement for the overseas Chinese student scholarship; results are new information,
B4 reranker,oir-049,false_update,NEW,,UPDATE,oir-122,random,公告║2025年度日本台灣交流協會日本獎學金留學生(碩博士)獎學金資訊,unsure | long-term (master/PhD) JTEA scholarship call; the knowledge base only holds an info session and the short-term scholarship,
B4 reranker,oir-187,false_update,NEW,,UPDATE,oir-1167,random,公告║僑務委員會115年度各界捐贈僑生獎助學金開放申請,OCAC donated scholarships for overseas Chinese students; no earlier post about it,
B4 reranker,oir-016,false_update,NEW,,UPDATE,oir-308,random,貝里斯大學附設之「區域語文中心」英語課程獎學金開放申請,University of Belize English-course scholarship; earlier UB posts are faculty programs,
B4 reranker,oir-100,new_as_redundant,NEW,,REDUNDANT,oir-53,title,徵才║國際教育合作處誠專案約聘人員1名(4/25截止),a new staff job opening; each vacancy is a separate posting,
B4 reranker,oir-013,false_update,NEW,,UPDATE,oir-438,title,放榜║108學年度東海大學大陸學生獎學金獲獎名單,results list (award winners) for the mainland-student scholarship; results are new information,
B4 reranker,oir-131,redundant_as_update,REDUNDANT,oir-828,UPDATE,oir-828,random,【短期活動】喬治亞州立大學暑期營,the same Georgia State University summer program post re-published three days later,
B4 reranker,oir-157,redundant_as_update,REDUNDANT,oir-822,UPDATE,oir-822,title,公告║112年僑委會臺灣青年海外搭僑計畫開放申請!,unsure | fuller re-announcement of the same 112 OCAC overseas youth program already posted in January 2023,
