case_id,split,gold,gold_target,condition,pred,pred_target,info
oir-022,test,UPDATE,oir-521,B0 majority,UPDATE,,{}
oir-176,test,UPDATE,oir-320,B0 majority,UPDATE,,{}
oir-089,test,UPDATE,oir-833,B0 majority,UPDATE,,{}
oir-134,test,UPDATE,oir-431,B0 majority,UPDATE,,{}
oir-096,test,UPDATE,oir-596,B0 majority,UPDATE,,{}
oir-051,test,UPDATE,oir-180,B0 majority,UPDATE,,{}
oir-058,test,UPDATE,oir-295|oir-256,B0 majority,UPDATE,,{}
oir-017,test,UPDATE,oir-980,B0 majority,UPDATE,,{}
oir-132,test,UPDATE,oir-358,B0 majority,UPDATE,,{}
oir-075,test,UPDATE,oir-775,B0 majority,UPDATE,,{}
oir-173,test,UPDATE,oir-971,B0 majority,UPDATE,,{}
oir-128,test,UPDATE,oir-1021,B0 majority,UPDATE,,{}
oir-086,test,UPDATE,oir-200,B0 majority,UPDATE,,{}
oir-190,test,UPDATE,oir-316,B0 majority,UPDATE,,{}
oir-152,test,UPDATE,oir-938,B0 majority,UPDATE,,{}
oir-150,test,UPDATE,oir-848,B0 majority,UPDATE,,{}
oir-200,test,UPDATE,oir-1027,B0 majority,UPDATE,,{}
oir-197,test,UPDATE,oir-1129,B0 majority,UPDATE,,{}
oir-042,test,UPDATE,oir-860,B0 majority,UPDATE,,{}
oir-181,test,UPDATE,oir-1066,B0 majority,UPDATE,,{}
oir-039,test,UPDATE,oir-242,B0 majority,UPDATE,,{}
oir-185,test,UPDATE,oir-819,B0 majority,UPDATE,,{}
oir-175,test,UPDATE,oir-892,B0 majority,UPDATE,,{}
oir-084,test,UPDATE,oir-256,B0 majority,UPDATE,,{}
oir-155,test,UPDATE,oir-353,B0 majority,UPDATE,,{}
oir-122,test,UPDATE,oir-744,B0 majority,UPDATE,,{}
oir-159,test,UPDATE,oir-1077,B0 majority,UPDATE,,{}
oir-171,test,UPDATE,oir-333,B0 majority,UPDATE,,{}
oir-177,test,UPDATE,oir-527,B0 majority,UPDATE,,{}
oir-138,test,UPDATE,oir-922,B0 majority,UPDATE,,{}
oir-119,test,UPDATE,oir-154,B0 majority,UPDATE,,{}
oir-067,test,UPDATE,oir-588,B0 majority,UPDATE,,{}
oir-027,test,UPDATE,oir-512,B0 majority,UPDATE,,{}
oir-130,test,UPDATE,oir-600,B0 majority,UPDATE,,{}
oir-063,test,UPDATE,oir-752,B0 majority,UPDATE,,{}
oir-127,test,UPDATE,oir-335,B0 majority,UPDATE,,{}
oir-184,test,UPDATE,oir-599,B0 majority,UPDATE,,{}
oir-071,test,UPDATE,oir-376,B0 majority,UPDATE,,{}
oir-133,test,UPDATE,oir-523,B0 majority,UPDATE,,{}
oir-082,test,UPDATE,oir-585,B0 majority,UPDATE,,{}
oir-114,test,UPDATE,oir-1089,B0 majority,UPDATE,,{}
oir-109,test,UPDATE,oir-1188,B0 majority,UPDATE,,{}
oir-146,test,UPDATE,oir-424,B0 majority,UPDATE,,{}
oir-093,test,UPDATE,oir-799,B0 majority,UPDATE,,{}
oir-048,test,UPDATE,oir-1236,B0 majority,UPDATE,,{}
oir-069,test,UPDATE,oir-221,B0 majority,UPDATE,,{}
oir-053,test,UPDATE,oir-903,B0 majority,UPDATE,,{}
oir-168,test,UPDATE,oir-1219,B0 majority,UPDATE,,{}
oir-029,test,UPDATE,oir-739,B0 majority,UPDATE,,{}
oir-179,test,UPDATE,oir-1243,B0 majority,UPDATE,,{}
oir-182,test,UPDATE,oir-852,B0 majority,UPDATE,,{}
oir-191,test,UPDATE,oir-825,B0 majority,UPDATE,,{}
oir-163,test,UPDATE,oir-431,B0 majority,UPDATE,,{}
oir-189,test,UPDATE,oir-194,B0 majority,UPDATE,,{}
oir-167,test,UPDATE,oir-883,B0 majority,UPDATE,,{}
oir-156,test,UPDATE,oir-372,B0 majority,UPDATE,,{}
oir-153,test,UPDATE,oir-508,B0 majority,UPDATE,,{}
oir-020,test,UPDATE,oir-874,B0 majority,UPDATE,,{}
oir-186,test,UPDATE,oir-1026,B0 majority,UPDATE,,{}
oir-164,test,UPDATE,oir-1064,B0 majority,UPDATE,,{}
oir-057,test,UPDATE,oir-1151,B0 majority,UPDATE,,{}
oir-003,test,UPDATE,oir-589,B0 majority,UPDATE,,{}
oir-121,test,UPDATE,oir-179,B0 majority,UPDATE,,{}
oir-136,test,UPDATE,oir-1177,B0 majority,UPDATE,,{}
oir-165,test,UPDATE,oir-478,B0 majority,UPDATE,,{}
oir-028,test,UPDATE,oir-1006,B0 majority,UPDATE,,{}
oir-083,test,UPDATE,oir-1167,B0 majority,UPDATE,,{}
oir-006,test,UPDATE,oir-598,B0 majority,UPDATE,,{}
oir-192,test,UPDATE,oir-1034,B0 majority,UPDATE,,{}
oir-145,test,UPDATE,oir-461,B0 majority,UPDATE,,{}
oir-045,test,UPDATE,oir-759,B0 majority,UPDATE,,{}
oir-166,test,UPDATE,oir-1090,B0 majority,UPDATE,,{}
oir-105,test,UPDATE,oir-1124,B0 majority,UPDATE,,{}
oir-030,test,UPDATE,oir-755,B0 majority,UPDATE,,{}
oir-055,test,UPDATE,oir-871,B0 majority,UPDATE,,{}
oir-195,test,UPDATE,oir-809,B0 majority,UPDATE,,{}
oir-085,test,UPDATE,oir-796,B0 majority,UPDATE,,{}
oir-059,test,UPDATE,oir-539,B0 majority,UPDATE,,{}
oir-087,test,UPDATE,oir-1189,B0 majority,UPDATE,,{}
oir-072,test,UPDATE,oir-403,B0 majority,UPDATE,,{}
oir-116,test,UPDATE,oir-1000,B0 majority,UPDATE,,{}
oir-102,test,UPDATE,oir-879,B0 majority,UPDATE,,{}
oir-070,test,NEW,,B0 majority,UPDATE,,{}
oir-046,test,NEW,,B0 majority,UPDATE,,{}
oir-036,test,NEW,,B0 majority,UPDATE,,{}
oir-005,test,NEW,,B0 majority,UPDATE,,{}
oir-079,test,NEW,,B0 majority,UPDATE,,{}
oir-154,test,NEW,,B0 majority,UPDATE,,{}
oir-015,test,NEW,,B0 majority,UPDATE,,{}
oir-111,test,NEW,,B0 majority,UPDATE,,{}
oir-038,test,NEW,,B0 majority,UPDATE,,{}
oir-129,test,NEW,,B0 majority,UPDATE,,{}
oir-125,test,NEW,,B0 majority,UPDATE,,{}
oir-103,test,NEW,,B0 majority,UPDATE,,{}
oir-098,test,NEW,,B0 majority,UPDATE,,{}
oir-025,test,NEW,,B0 majority,UPDATE,,{}
oir-068,test,NEW,,B0 majority,UPDATE,,{}
oir-061,test,NEW,,B0 majority,UPDATE,,{}
oir-194,test,NEW,,B0 majority,UPDATE,,{}
oir-007,test,NEW,,B0 majority,UPDATE,,{}
oir-076,test,NEW,,B0 majority,UPDATE,,{}
oir-196,test,NEW,,B0 majority,UPDATE,,{}
oir-097,test,NEW,,B0 majority,UPDATE,,{}
oir-012,test,NEW,,B0 majority,UPDATE,,{}
oir-135,test,NEW,,B0 majority,UPDATE,,{}
oir-112,test,NEW,,B0 majority,UPDATE,,{}
oir-108,test,NEW,,B0 majority,UPDATE,,{}
oir-049,test,NEW,,B0 majority,UPDATE,,{}
oir-187,test,NEW,,B0 majority,UPDATE,,{}
oir-088,test,NEW,,B0 majority,UPDATE,,{}
oir-016,test,NEW,,B0 majority,UPDATE,,{}
oir-054,test,NEW,,B0 majority,UPDATE,,{}
oir-018,test,NEW,,B0 majority,UPDATE,,{}
oir-001,test,NEW,,B0 majority,UPDATE,,{}
oir-100,test,NEW,,B0 majority,UPDATE,,{}
oir-013,test,NEW,,B0 majority,UPDATE,,{}
oir-124,test,NEW,,B0 majority,UPDATE,,{}
oir-131,test,REDUNDANT,oir-828,B0 majority,UPDATE,,{}
oir-157,test,REDUNDANT,oir-822,B0 majority,UPDATE,,{}
oir-161,test,REDUNDANT,oir-950,B0 majority,UPDATE,,{}
oir-023,test,REDUNDANT,oir-944,B0 majority,UPDATE,,{}
oir-022,test,UPDATE,oir-521,B1 metadata/title,UPDATE,oir-521,"{""t_title"": 0.7, ""t_body"": 1.01}"
oir-176,test,UPDATE,oir-320,B1 metadata/title,UPDATE,oir-320,"{""t_title"": 0.7, ""t_body"": 1.01}"
oir-089,test,UPDATE,oir-833,B1 metadata/title,UPDATE,oir-842,"{""t_title"": 0.7, ""t_body"": 1.01}"
oir-134,test,UPDATE,oir-431,B1 metadata/title,UPDATE,oir-441,"{""t_title"": 0.7, ""t_body"": 1.01}"
oir-096,test,UPDATE,oir-596,B1 metadata/title,UPDATE,oir-596,"{""t_title"": 0.7, ""t_body"": 1.01}"
oir-051,test,UPDATE,oir-180,B1 metadata/title,UPDATE,oir-180,"{""t_title"": 0.7, ""t_body"": 1.01}"
oir-058,test,UPDATE,oir-295|oir-256,B1 metadata/title,UPDATE,oir-295,"{""t_title"": 0.7, ""t_body"": 1.01}"
oir-017,test,UPDATE,oir-980,B1 metadata/title,UPDATE,oir-980,"{""t_title"": 0.7, ""t_body"": 1.01}"
oir-132,test,UPDATE,oir-358,B1 metadata/title,NEW,,"{""t_title"": 0.7, ""t_body"": 1.01}"
oir-075,test,UPDATE,oir-775,B1 metadata/title,NEW,,"{""t_title"": 0.7, ""t_body"": 1.01}"
oir-173,test,UPDATE,oir-971,B1 metadata/title,UPDATE,oir-1008,"{""t_title"": 0.7, ""t_body"": 1.01}"
oir-128,test,UPDATE,oir-1021,B1 metadata/title,UPDATE,oir-852,"{""t_title"": 0.7, ""t_body"": 1.01}"
oir-086,test,UPDATE,oir-200,B1 metadata/title,UPDATE,oir-200,"{""t_title"": 0.7, ""t_body"": 1.01}"
oir-190,test,UPDATE,oir-316,B1 metadata/title,UPDATE,oir-316,"{""t_title"": 0.7, ""t_body"": 1.01}"
oir-152,test,UPDATE,oir-938,B1 metadata/title,UPDATE,oir-938,"{""t_title"": 0.7, ""t_body"": 1.01}"
oir-150,test,UPDATE,oir-848,B1 metadata/title,UPDATE,oir-848,"{""t_title"": 0.7, ""t_body"": 1.01}"
oir-200,test,UPDATE,oir-1027,B1 metadata/title,UPDATE,oir-1027,"{""t_title"": 0.7, ""t_body"": 1.01}"
oir-197,test,UPDATE,oir-1129,B1 metadata/title,UPDATE,oir-1129,"{""t_title"": 0.7, ""t_body"": 1.01}"
oir-042,test,UPDATE,oir-860,B1 metadata/title,UPDATE,oir-860,"{""t_title"": 0.7, ""t_body"": 1.01}"
oir-181,test,UPDATE,oir-1066,B1 metadata/title,UPDATE,oir-812,"{""t_title"": 0.7, ""t_body"": 1.01}"
oir-039,test,UPDATE,oir-242,B1 metadata/title,UPDATE,oir-242,"{""t_title"": 0.7, ""t_body"": 1.01}"
oir-185,test,UPDATE,oir-819,B1 metadata/title,UPDATE,oir-1064,"{""t_title"": 0.7, ""t_body"": 1.01}"
oir-175,test,UPDATE,oir-892,B1 metadata/title,UPDATE,oir-892,"{""t_title"": 0.7, ""t_body"": 1.01}"
oir-084,test,UPDATE,oir-256,B1 metadata/title,NEW,,"{""t_title"": 0.7, ""t_body"": 1.01}"
oir-155,test,UPDATE,oir-353,B1 metadata/title,UPDATE,oir-369,"{""t_title"": 0.7, ""t_body"": 1.01}"
oir-122,test,UPDATE,oir-744,B1 metadata/title,UPDATE,oir-744,"{""t_title"": 0.7, ""t_body"": 1.01}"
oir-159,test,UPDATE,oir-1077,B1 metadata/title,UPDATE,oir-1077,"{""t_title"": 0.7, ""t_body"": 1.01}"
oir-171,test,UPDATE,oir-333,B1 metadata/title,UPDATE,oir-487,"{""t_title"": 0.7, ""t_body"": 1.01}"
oir-177,test,UPDATE,oir-527,B1 metadata/title,UPDATE,oir-527,"{""t_title"": 0.7, ""t_body"": 1.01}"
oir-138,test,UPDATE,oir-922,B1 metadata/title,UPDATE,oir-922,"{""t_title"": 0.7, ""t_body"": 1.01}"
oir-119,test,UPDATE,oir-154,B1 metadata/title,UPDATE,oir-154,"{""t_title"": 0.7, ""t_body"": 1.01}"
oir-067,test,UPDATE,oir-588,B1 metadata/title,UPDATE,oir-588,"{""t_title"": 0.7, ""t_body"": 1.01}"
oir-027,test,UPDATE,oir-512,B1 metadata/title,UPDATE,oir-512,"{""t_title"": 0.7, ""t_body"": 1.01}"
oir-130,test,UPDATE,oir-600,B1 metadata/title,UPDATE,oir-600,"{""t_title"": 0.7, ""t_body"": 1.01}"
oir-063,test,UPDATE,oir-752,B1 metadata/title,UPDATE,oir-752,"{""t_title"": 0.7, ""t_body"": 1.01}"
oir-127,test,UPDATE,oir-335,B1 metadata/title,UPDATE,oir-335,"{""t_title"": 0.7, ""t_body"": 1.01}"
oir-184,test,UPDATE,oir-599,B1 metadata/title,UPDATE,oir-717,"{""t_title"": 0.7, ""t_body"": 1.01}"
oir-071,test,UPDATE,oir-376,B1 metadata/title,UPDATE,oir-472,"{""t_title"": 0.7, ""t_body"": 1.01}"
oir-133,test,UPDATE,oir-523,B1 metadata/title,UPDATE,oir-523,"{""t_title"": 0.7, ""t_body"": 1.01}"
oir-082,test,UPDATE,oir-585,B1 metadata/title,UPDATE,oir-585,"{""t_title"": 0.7, ""t_body"": 1.01}"
oir-114,test,UPDATE,oir-1089,B1 metadata/title,UPDATE,oir-1089,"{""t_title"": 0.7, ""t_body"": 1.01}"
oir-109,test,UPDATE,oir-1188,B1 metadata/title,UPDATE,oir-1188,"{""t_title"": 0.7, ""t_body"": 1.01}"
oir-146,test,UPDATE,oir-424,B1 metadata/title,UPDATE,oir-424,"{""t_title"": 0.7, ""t_body"": 1.01}"
oir-093,test,UPDATE,oir-799,B1 metadata/title,UPDATE,oir-821,"{""t_title"": 0.7, ""t_body"": 1.01}"
oir-048,test,UPDATE,oir-1236,B1 metadata/title,UPDATE,oir-1241,"{""t_title"": 0.7, ""t_body"": 1.01}"
oir-069,test,UPDATE,oir-221,B1 metadata/title,NEW,,"{""t_title"": 0.7, ""t_body"": 1.01}"
oir-053,test,UPDATE,oir-903,B1 metadata/title,UPDATE,oir-903,"{""t_title"": 0.7, ""t_body"": 1.01}"
oir-168,test,UPDATE,oir-1219,B1 metadata/title,UPDATE,oir-1219,"{""t_title"": 0.7, ""t_body"": 1.01}"
oir-029,test,UPDATE,oir-739,B1 metadata/title,UPDATE,oir-739,"{""t_title"": 0.7, ""t_body"": 1.01}"
oir-179,test,UPDATE,oir-1243,B1 metadata/title,UPDATE,oir-1243,"{""t_title"": 0.7, ""t_body"": 1.01}"
oir-182,test,UPDATE,oir-852,B1 metadata/title,UPDATE,oir-852,"{""t_title"": 0.7, ""t_body"": 1.01}"
oir-191,test,UPDATE,oir-825,B1 metadata/title,UPDATE,oir-858,"{""t_title"": 0.7, ""t_body"": 1.01}"
oir-163,test,UPDATE,oir-431,B1 metadata/title,UPDATE,oir-431,"{""t_title"": 0.7, ""t_body"": 1.01}"
oir-189,test,UPDATE,oir-194,B1 metadata/title,UPDATE,oir-194,"{""t_title"": 0.7, ""t_body"": 1.01}"
oir-167,test,UPDATE,oir-883,B1 metadata/title,UPDATE,oir-978,"{""t_title"": 0.7, ""t_body"": 1.01}"
oir-156,test,UPDATE,oir-372,B1 metadata/title,UPDATE,oir-372,"{""t_title"": 0.7, ""t_body"": 1.01}"
oir-153,test,UPDATE,oir-508,B1 metadata/title,UPDATE,oir-508,"{""t_title"": 0.7, ""t_body"": 1.01}"
oir-020,test,UPDATE,oir-874,B1 metadata/title,UPDATE,oir-874,"{""t_title"": 0.7, ""t_body"": 1.01}"
oir-186,test,UPDATE,oir-1026,B1 metadata/title,UPDATE,oir-1093,"{""t_title"": 0.7, ""t_body"": 1.01}"
oir-164,test,UPDATE,oir-1064,B1 metadata/title,UPDATE,oir-1240,"{""t_title"": 0.7, ""t_body"": 1.01}"
oir-057,test,UPDATE,oir-1151,B1 metadata/title,UPDATE,oir-1151,"{""t_title"": 0.7, ""t_body"": 1.01}"
oir-003,test,UPDATE,oir-589,B1 metadata/title,UPDATE,oir-589,"{""t_title"": 0.7, ""t_body"": 1.01}"
oir-121,test,UPDATE,oir-179,B1 metadata/title,UPDATE,oir-179,"{""t_title"": 0.7, ""t_body"": 1.01}"
oir-136,test,UPDATE,oir-1177,B1 metadata/title,UPDATE,oir-1177,"{""t_title"": 0.7, ""t_body"": 1.01}"
oir-165,test,UPDATE,oir-478,B1 metadata/title,UPDATE,oir-478,"{""t_title"": 0.7, ""t_body"": 1.01}"
oir-028,test,UPDATE,oir-1006,B1 metadata/title,UPDATE,oir-1006,"{""t_title"": 0.7, ""t_body"": 1.01}"
oir-083,test,UPDATE,oir-1167,B1 metadata/title,UPDATE,oir-1167,"{""t_title"": 0.7, ""t_body"": 1.01}"
oir-006,test,UPDATE,oir-598,B1 metadata/title,UPDATE,oir-598,"{""t_title"": 0.7, ""t_body"": 1.01}"
oir-192,test,UPDATE,oir-1034,B1 metadata/title,UPDATE,oir-1034,"{""t_title"": 0.7, ""t_body"": 1.01}"
oir-145,test,UPDATE,oir-461,B1 metadata/title,NEW,,"{""t_title"": 0.7, ""t_body"": 1.01}"
oir-045,test,UPDATE,oir-759,B1 metadata/title,UPDATE,oir-759,"{""t_title"": 0.7, ""t_body"": 1.01}"
oir-166,test,UPDATE,oir-1090,B1 metadata/title,UPDATE,oir-1090,"{""t_title"": 0.7, ""t_body"": 1.01}"
oir-105,test,UPDATE,oir-1124,B1 metadata/title,UPDATE,oir-1171,"{""t_title"": 0.7, ""t_body"": 1.01}"
oir-030,test,UPDATE,oir-755,B1 metadata/title,UPDATE,oir-755,"{""t_title"": 0.7, ""t_body"": 1.01}"
oir-055,test,UPDATE,oir-871,B1 metadata/title,UPDATE,oir-871,"{""t_title"": 0.7, ""t_body"": 1.01}"
oir-195,test,UPDATE,oir-809,B1 metadata/title,UPDATE,oir-809,"{""t_title"": 0.7, ""t_body"": 1.01}"
oir-085,test,UPDATE,oir-796,B1 metadata/title,UPDATE,oir-796,"{""t_title"": 0.7, ""t_body"": 1.01}"
oir-059,test,UPDATE,oir-539,B1 metadata/title,UPDATE,oir-539,"{""t_title"": 0.7, ""t_body"": 1.01}"
oir-087,test,UPDATE,oir-1189,B1 metadata/title,UPDATE,oir-1189,"{""t_title"": 0.7, ""t_body"": 1.01}"
oir-072,test,UPDATE,oir-403,B1 metadata/title,UPDATE,oir-372,"{""t_title"": 0.7, ""t_body"": 1.01}"
oir-116,test,UPDATE,oir-1000,B1 metadata/title,UPDATE,oir-1000,"{""t_title"": 0.7, ""t_body"": 1.01}"
oir-102,test,UPDATE,oir-879,B1 metadata/title,UPDATE,oir-879,"{""t_title"": 0.7, ""t_body"": 1.01}"
oir-070,test,NEW,,B1 metadata/title,NEW,,"{""t_title"": 0.7, ""t_body"": 1.01}"
oir-046,test,NEW,,B1 metadata/title,NEW,,"{""t_title"": 0.7, ""t_body"": 1.01}"
oir-036,test,NEW,,B1 metadata/title,NEW,,"{""t_title"": 0.7, ""t_body"": 1.01}"
oir-005,test,NEW,,B1 metadata/title,UPDATE,oir-404,"{""t_title"": 0.7, ""t_body"": 1.01}"
oir-079,test,NEW,,B1 metadata/title,NEW,,"{""t_title"": 0.7, ""t_body"": 1.01}"
oir-154,test,NEW,,B1 metadata/title,UPDATE,oir-900,"{""t_title"": 0.7, ""t_body"": 1.01}"
oir-015,test,NEW,,B1 metadata/title,UPDATE,oir-380,"{""t_title"": 0.7, ""t_body"": 1.01}"
oir-111,test,NEW,,B1 metadata/title,UPDATE,oir-713,"{""t_title"": 0.7, ""t_body"": 1.01}"
oir-038,test,NEW,,B1 metadata/title,NEW,,"{""t_title"": 0.7, ""t_body"": 1.01}"
oir-129,test,NEW,,B1 metadata/title,UPDATE,oir-219,"{""t_title"": 0.7, ""t_body"": 1.01}"
oir-125,test,NEW,,B1 metadata/title,UPDATE,oir-775,"{""t_title"": 0.7, ""t_body"": 1.01}"
oir-103,test,NEW,,B1 metadata/title,UPDATE,oir-181,"{""t_title"": 0.7, ""t_body"": 1.01}"
oir-098,test,NEW,,B1 metadata/title,NEW,,"{""t_title"": 0.7, ""t_body"": 1.01}"
oir-025,test,NEW,,B1 metadata/title,UPDATE,oir-317,"{""t_title"": 0.7, ""t_body"": 1.01}"
oir-068,test,NEW,,B1 metadata/title,UPDATE,oir-587,"{""t_title"": 0.7, ""t_body"": 1.01}"
oir-061,test,NEW,,B1 metadata/title,NEW,,"{""t_title"": 0.7, ""t_body"": 1.01}"
oir-194,test,NEW,,B1 metadata/title,UPDATE,oir-268,"{""t_title"": 0.7, ""t_body"": 1.01}"
oir-007,test,NEW,,B1 metadata/title,UPDATE,oir-1073,"{""t_title"": 0.7, ""t_body"": 1.01}"
oir-076,test,NEW,,B1 metadata/title,UPDATE,oir-383,"{""t_title"": 0.7, ""t_body"": 1.01}"
oir-196,test,NEW,,B1 metadata/title,NEW,,"{""t_title"": 0.7, ""t_body"": 1.01}"
oir-097,test,NEW,,B1 metadata/title,NEW,,"{""t_title"": 0.7, ""t_body"": 1.01}"
oir-012,test,NEW,,B1 metadata/title,NEW,,"{""t_title"": 0.7, ""t_body"": 1.01}"
oir-135,test,NEW,,B1 metadata/title,NEW,,"{""t_title"": 0.7, ""t_body"": 1.01}"
oir-112,test,NEW,,B1 metadata/title,UPDATE,oir-384,"{""t_title"": 0.7, ""t_body"": 1.01}"
oir-108,test,NEW,,B1 metadata/title,UPDATE,oir-197,"{""t_title"": 0.7, ""t_body"": 1.01}"
oir-049,test,NEW,,B1 metadata/title,UPDATE,oir-883,"{""t_title"": 0.7, ""t_body"": 1.01}"
oir-187,test,NEW,,B1 metadata/title,NEW,,"{""t_title"": 0.7, ""t_body"": 1.01}"
oir-088,test,NEW,,B1 metadata/title,NEW,,"{""t_title"": 0.7, ""t_body"": 1.01}"
oir-016,test,NEW,,B1 metadata/title,NEW,,"{""t_title"": 0.7, ""t_body"": 1.01}"
oir-054,test,NEW,,B1 metadata/title,UPDATE,oir-125,"{""t_title"": 0.7, ""t_body"": 1.01}"
oir-018,test,NEW,,B1 metadata/title,NEW,,"{""t_title"": 0.7, ""t_body"": 1.01}"
oir-001,test,NEW,,B1 metadata/title,NEW,,"{""t_title"": 0.7, ""t_body"": 1.01}"
oir-100,test,NEW,,B1 metadata/title,UPDATE,oir-245,"{""t_title"": 0.7, ""t_body"": 1.01}"
oir-013,test,NEW,,B1 metadata/title,UPDATE,oir-553,"{""t_title"": 0.7, ""t_body"": 1.01}"
oir-124,test,NEW,,B1 metadata/title,UPDATE,oir-1080,"{""t_title"": 0.7, ""t_body"": 1.01}"
oir-131,test,REDUNDANT,oir-828,B1 metadata/title,REDUNDANT,oir-828,"{""t_title"": 0.7, ""t_body"": 1.01}"
oir-157,test,REDUNDANT,oir-822,B1 metadata/title,UPDATE,oir-822,"{""t_title"": 0.7, ""t_body"": 1.01}"
oir-161,test,REDUNDANT,oir-950,B1 metadata/title,UPDATE,oir-950,"{""t_title"": 0.7, ""t_body"": 1.01}"
oir-023,test,REDUNDANT,oir-944,B1 metadata/title,UPDATE,oir-944,"{""t_title"": 0.7, ""t_body"": 1.01}"
oir-022,test,UPDATE,oir-521,B2 cosine (e5),UPDATE,oir-521,"{""t_upd"": 0.9158, ""t_red"": 0.9673}"
oir-176,test,UPDATE,oir-320,B2 cosine (e5),UPDATE,oir-320,"{""t_upd"": 0.9158, ""t_red"": 0.9673}"
oir-089,test,UPDATE,oir-833,B2 cosine (e5),UPDATE,oir-833,"{""t_upd"": 0.9158, ""t_red"": 0.9673}"
oir-134,test,UPDATE,oir-431,B2 cosine (e5),UPDATE,oir-431,"{""t_upd"": 0.9158, ""t_red"": 0.9673}"
oir-096,test,UPDATE,oir-596,B2 cosine (e5),UPDATE,oir-596,"{""t_upd"": 0.9158, ""t_red"": 0.9673}"
oir-051,test,UPDATE,oir-180,B2 cosine (e5),REDUNDANT,oir-180,"{""t_upd"": 0.9158, ""t_red"": 0.9673}"
oir-058,test,UPDATE,oir-295|oir-256,B2 cosine (e5),UPDATE,oir-256,"{""t_upd"": 0.9158, ""t_red"": 0.9673}"
oir-017,test,UPDATE,oir-980,B2 cosine (e5),UPDATE,oir-980,"{""t_upd"": 0.9158, ""t_red"": 0.9673}"
oir-132,test,UPDATE,oir-358,B2 cosine (e5),UPDATE,oir-421,"{""t_upd"": 0.9158, ""t_red"": 0.9673}"
oir-075,test,UPDATE,oir-775,B2 cosine (e5),UPDATE,oir-775,"{""t_upd"": 0.9158, ""t_red"": 0.9673}"
oir-173,test,UPDATE,oir-971,B2 cosine (e5),UPDATE,oir-971,"{""t_upd"": 0.9158, ""t_red"": 0.9673}"
oir-128,test,UPDATE,oir-1021,B2 cosine (e5),UPDATE,oir-852,"{""t_upd"": 0.9158, ""t_red"": 0.9673}"
oir-086,test,UPDATE,oir-200,B2 cosine (e5),UPDATE,oir-200,"{""t_upd"": 0.9158, ""t_red"": 0.9673}"
oir-190,test,UPDATE,oir-316,B2 cosine (e5),UPDATE,oir-316,"{""t_upd"": 0.9158, ""t_red"": 0.9673}"
oir-152,test,UPDATE,oir-938,B2 cosine (e5),UPDATE,oir-891,"{""t_upd"": 0.9158, ""t_red"": 0.9673}"
oir-150,test,UPDATE,oir-848,B2 cosine (e5),UPDATE,oir-848,"{""t_upd"": 0.9158, ""t_red"": 0.9673}"
oir-200,test,UPDATE,oir-1027,B2 cosine (e5),UPDATE,oir-1027,"{""t_upd"": 0.9158, ""t_red"": 0.9673}"
oir-197,test,UPDATE,oir-1129,B2 cosine (e5),NEW,,"{""t_upd"": 0.9158, ""t_red"": 0.9673}"
oir-042,test,UPDATE,oir-860,B2 cosine (e5),UPDATE,oir-860,"{""t_upd"": 0.9158, ""t_red"": 0.9673}"
oir-181,test,UPDATE,oir-1066,B2 cosine (e5),UPDATE,oir-812,"{""t_upd"": 0.9158, ""t_red"": 0.9673}"
oir-039,test,UPDATE,oir-242,B2 cosine (e5),UPDATE,oir-242,"{""t_upd"": 0.9158, ""t_red"": 0.9673}"
oir-185,test,UPDATE,oir-819,B2 cosine (e5),UPDATE,oir-1064,"{""t_upd"": 0.9158, ""t_red"": 0.9673}"
oir-175,test,UPDATE,oir-892,B2 cosine (e5),UPDATE,oir-892,"{""t_upd"": 0.9158, ""t_red"": 0.9673}"
oir-084,test,UPDATE,oir-256,B2 cosine (e5),UPDATE,oir-256,"{""t_upd"": 0.9158, ""t_red"": 0.9673}"
oir-155,test,UPDATE,oir-353,B2 cosine (e5),UPDATE,oir-353,"{""t_upd"": 0.9158, ""t_red"": 0.9673}"
oir-122,test,UPDATE,oir-744,B2 cosine (e5),UPDATE,oir-759,"{""t_upd"": 0.9158, ""t_red"": 0.9673}"
oir-159,test,UPDATE,oir-1077,B2 cosine (e5),UPDATE,oir-1077,"{""t_upd"": 0.9158, ""t_red"": 0.9673}"
oir-171,test,UPDATE,oir-333,B2 cosine (e5),NEW,,"{""t_upd"": 0.9158, ""t_red"": 0.9673}"
oir-177,test,UPDATE,oir-527,B2 cosine (e5),UPDATE,oir-527,"{""t_upd"": 0.9158, ""t_red"": 0.9673}"
oir-138,test,UPDATE,oir-922,B2 cosine (e5),UPDATE,oir-922,"{""t_upd"": 0.9158, ""t_red"": 0.9673}"
oir-119,test,UPDATE,oir-154,B2 cosine (e5),UPDATE,oir-114,"{""t_upd"": 0.9158, ""t_red"": 0.9673}"
oir-067,test,UPDATE,oir-588,B2 cosine (e5),UPDATE,oir-588,"{""t_upd"": 0.9158, ""t_red"": 0.9673}"
oir-027,test,UPDATE,oir-512,B2 cosine (e5),UPDATE,oir-512,"{""t_upd"": 0.9158, ""t_red"": 0.9673}"
oir-130,test,UPDATE,oir-600,B2 cosine (e5),UPDATE,oir-600,"{""t_upd"": 0.9158, ""t_red"": 0.9673}"
oir-063,test,UPDATE,oir-752,B2 cosine (e5),UPDATE,oir-752,"{""t_upd"": 0.9158, ""t_red"": 0.9673}"
oir-127,test,UPDATE,oir-335,B2 cosine (e5),UPDATE,oir-335,"{""t_upd"": 0.9158, ""t_red"": 0.9673}"
oir-184,test,UPDATE,oir-599,B2 cosine (e5),UPDATE,oir-599,"{""t_upd"": 0.9158, ""t_red"": 0.9673}"
oir-071,test,UPDATE,oir-376,B2 cosine (e5),NEW,,"{""t_upd"": 0.9158, ""t_red"": 0.9673}"
oir-133,test,UPDATE,oir-523,B2 cosine (e5),UPDATE,oir-523,"{""t_upd"": 0.9158, ""t_red"": 0.9673}"
oir-082,test,UPDATE,oir-585,B2 cosine (e5),UPDATE,oir-556,"{""t_upd"": 0.9158, ""t_red"": 0.9673}"
oir-114,test,UPDATE,oir-1089,B2 cosine (e5),UPDATE,oir-1089,"{""t_upd"": 0.9158, ""t_red"": 0.9673}"
oir-109,test,UPDATE,oir-1188,B2 cosine (e5),UPDATE,oir-1188,"{""t_upd"": 0.9158, ""t_red"": 0.9673}"
oir-146,test,UPDATE,oir-424,B2 cosine (e5),UPDATE,oir-424,"{""t_upd"": 0.9158, ""t_red"": 0.9673}"
oir-093,test,UPDATE,oir-799,B2 cosine (e5),UPDATE,oir-821,"{""t_upd"": 0.9158, ""t_red"": 0.9673}"
oir-048,test,UPDATE,oir-1236,B2 cosine (e5),UPDATE,oir-1236,"{""t_upd"": 0.9158, ""t_red"": 0.9673}"
oir-069,test,UPDATE,oir-221,B2 cosine (e5),UPDATE,oir-306,"{""t_upd"": 0.9158, ""t_red"": 0.9673}"
oir-053,test,UPDATE,oir-903,B2 cosine (e5),UPDATE,oir-903,"{""t_upd"": 0.9158, ""t_red"": 0.9673}"
oir-168,test,UPDATE,oir-1219,B2 cosine (e5),UPDATE,oir-1219,"{""t_upd"": 0.9158, ""t_red"": 0.9673}"
oir-029,test,UPDATE,oir-739,B2 cosine (e5),UPDATE,oir-739,"{""t_upd"": 0.9158, ""t_red"": 0.9673}"
oir-179,test,UPDATE,oir-1243,B2 cosine (e5),UPDATE,oir-1243,"{""t_upd"": 0.9158, ""t_red"": 0.9673}"
oir-182,test,UPDATE,oir-852,B2 cosine (e5),UPDATE,oir-741,"{""t_upd"": 0.9158, ""t_red"": 0.9673}"
oir-191,test,UPDATE,oir-825,B2 cosine (e5),UPDATE,oir-825,"{""t_upd"": 0.9158, ""t_red"": 0.9673}"
oir-163,test,UPDATE,oir-431,B2 cosine (e5),UPDATE,oir-431,"{""t_upd"": 0.9158, ""t_red"": 0.9673}"
oir-189,test,UPDATE,oir-194,B2 cosine (e5),UPDATE,oir-154,"{""t_upd"": 0.9158, ""t_red"": 0.9673}"
oir-167,test,UPDATE,oir-883,B2 cosine (e5),UPDATE,oir-883,"{""t_upd"": 0.9158, ""t_red"": 0.9673}"
oir-156,test,UPDATE,oir-372,B2 cosine (e5),UPDATE,oir-372,"{""t_upd"": 0.9158, ""t_red"": 0.9673}"
oir-153,test,UPDATE,oir-508,B2 cosine (e5),UPDATE,oir-508,"{""t_upd"": 0.9158, ""t_red"": 0.9673}"
oir-020,test,UPDATE,oir-874,B2 cosine (e5),UPDATE,oir-874,"{""t_upd"": 0.9158, ""t_red"": 0.9673}"
oir-186,test,UPDATE,oir-1026,B2 cosine (e5),UPDATE,oir-1026,"{""t_upd"": 0.9158, ""t_red"": 0.9673}"
oir-164,test,UPDATE,oir-1064,B2 cosine (e5),UPDATE,oir-1064,"{""t_upd"": 0.9158, ""t_red"": 0.9673}"
oir-057,test,UPDATE,oir-1151,B2 cosine (e5),UPDATE,oir-928,"{""t_upd"": 0.9158, ""t_red"": 0.9673}"
oir-003,test,UPDATE,oir-589,B2 cosine (e5),UPDATE,oir-589,"{""t_upd"": 0.9158, ""t_red"": 0.9673}"
oir-121,test,UPDATE,oir-179,B2 cosine (e5),UPDATE,oir-179,"{""t_upd"": 0.9158, ""t_red"": 0.9673}"
oir-136,test,UPDATE,oir-1177,B2 cosine (e5),REDUNDANT,oir-1177,"{""t_upd"": 0.9158, ""t_red"": 0.9673}"
oir-165,test,UPDATE,oir-478,B2 cosine (e5),UPDATE,oir-443,"{""t_upd"": 0.9158, ""t_red"": 0.9673}"
oir-028,test,UPDATE,oir-1006,B2 cosine (e5),UPDATE,oir-881,"{""t_upd"": 0.9158, ""t_red"": 0.9673}"
oir-083,test,UPDATE,oir-1167,B2 cosine (e5),UPDATE,oir-1167,"{""t_upd"": 0.9158, ""t_red"": 0.9673}"
oir-006,test,UPDATE,oir-598,B2 cosine (e5),UPDATE,oir-598,"{""t_upd"": 0.9158, ""t_red"": 0.9673}"
oir-192,test,UPDATE,oir-1034,B2 cosine (e5),UPDATE,oir-883,"{""t_upd"": 0.9158, ""t_red"": 0.9673}"
oir-145,test,UPDATE,oir-461,B2 cosine (e5),NEW,,"{""t_upd"": 0.9158, ""t_red"": 0.9673}"
oir-045,test,UPDATE,oir-759,B2 cosine (e5),UPDATE,oir-759,"{""t_upd"": 0.9158, ""t_red"": 0.9673}"
oir-166,test,UPDATE,oir-1090,B2 cosine (e5),UPDATE,oir-862,"{""t_upd"": 0.9158, ""t_red"": 0.9673}"
oir-105,test,UPDATE,oir-1124,B2 cosine (e5),UPDATE,oir-1124,"{""t_upd"": 0.9158, ""t_red"": 0.9673}"
oir-030,test,UPDATE,oir-755,B2 cosine (e5),UPDATE,oir-755,"{""t_upd"": 0.9158, ""t_red"": 0.9673}"
oir-055,test,UPDATE,oir-871,B2 cosine (e5),UPDATE,oir-742,"{""t_upd"": 0.9158, ""t_red"": 0.9673}"
oir-195,test,UPDATE,oir-809,B2 cosine (e5),UPDATE,oir-809,"{""t_upd"": 0.9158, ""t_red"": 0.9673}"
oir-085,test,UPDATE,oir-796,B2 cosine (e5),UPDATE,oir-796,"{""t_upd"": 0.9158, ""t_red"": 0.9673}"
oir-059,test,UPDATE,oir-539,B2 cosine (e5),UPDATE,oir-539,"{""t_upd"": 0.9158, ""t_red"": 0.9673}"
oir-087,test,UPDATE,oir-1189,B2 cosine (e5),UPDATE,oir-1189,"{""t_upd"": 0.9158, ""t_red"": 0.9673}"
oir-072,test,UPDATE,oir-403,B2 cosine (e5),UPDATE,oir-372,"{""t_upd"": 0.9158, ""t_red"": 0.9673}"
oir-116,test,UPDATE,oir-1000,B2 cosine (e5),UPDATE,oir-1000,"{""t_upd"": 0.9158, ""t_red"": 0.9673}"
oir-102,test,UPDATE,oir-879,B2 cosine (e5),UPDATE,oir-879,"{""t_upd"": 0.9158, ""t_red"": 0.9673}"
oir-070,test,NEW,,B2 cosine (e5),NEW,,"{""t_upd"": 0.9158, ""t_red"": 0.9673}"
oir-046,test,NEW,,B2 cosine (e5),NEW,,"{""t_upd"": 0.9158, ""t_red"": 0.9673}"
oir-036,test,NEW,,B2 cosine (e5),NEW,,"{""t_upd"": 0.9158, ""t_red"": 0.9673}"
oir-005,test,NEW,,B2 cosine (e5),NEW,,"{""t_upd"": 0.9158, ""t_red"": 0.9673}"
oir-079,test,NEW,,B2 cosine (e5),NEW,,"{""t_upd"": 0.9158, ""t_red"": 0.9673}"
oir-154,test,NEW,,B2 cosine (e5),UPDATE,oir-554,"{""t_upd"": 0.9158, ""t_red"": 0.9673}"
oir-015,test,NEW,,B2 cosine (e5),NEW,,"{""t_upd"": 0.9158, ""t_red"": 0.9673}"
oir-111,test,NEW,,B2 cosine (e5),UPDATE,oir-712,"{""t_upd"": 0.9158, ""t_red"": 0.9673}"
oir-038,test,NEW,,B2 cosine (e5),UPDATE,oir-858,"{""t_upd"": 0.9158, ""t_red"": 0.9673}"
oir-129,test,NEW,,B2 cosine (e5),NEW,,"{""t_upd"": 0.9158, ""t_red"": 0.9673}"
oir-125,test,NEW,,B2 cosine (e5),NEW,,"{""t_upd"": 0.9158, ""t_red"": 0.9673}"
oir-103,test,NEW,,B2 cosine (e5),NEW,,"{""t_upd"": 0.9158, ""t_red"": 0.9673}"
oir-098,test,NEW,,B2 cosine (e5),UPDATE,oir-161,"{""t_upd"": 0.9158, ""t_red"": 0.9673}"
oir-025,test,NEW,,B2 cosine (e5),UPDATE,oir-317,"{""t_upd"": 0.9158, ""t_red"": 0.9673}"
oir-068,test,NEW,,B2 cosine (e5),UPDATE,oir-560,"{""t_upd"": 0.9158, ""t_red"": 0.9673}"
oir-061,test,NEW,,B2 cosine (e5),NEW,,"{""t_upd"": 0.9158, ""t_red"": 0.9673}"
oir-194,test,NEW,,B2 cosine (e5),UPDATE,oir-262,"{""t_upd"": 0.9158, ""t_red"": 0.9673}"
oir-007,test,NEW,,B2 cosine (e5),UPDATE,oir-1073,"{""t_upd"": 0.9158, ""t_red"": 0.9673}"
oir-076,test,NEW,,B2 cosine (e5),NEW,,"{""t_upd"": 0.9158, ""t_red"": 0.9673}"
oir-196,test,NEW,,B2 cosine (e5),NEW,,"{""t_upd"": 0.9158, ""t_red"": 0.9673}"
oir-097,test,NEW,,B2 cosine (e5),NEW,,"{""t_upd"": 0.9158, ""t_red"": 0.9673}"
oir-012,test,NEW,,B2 cosine (e5),NEW,,"{""t_upd"": 0.9158, ""t_red"": 0.9673}"
oir-135,test,NEW,,B2 cosine (e5),NEW,,"{""t_upd"": 0.9158, ""t_red"": 0.9673}"
oir-112,test,NEW,,B2 cosine (e5),NEW,,"{""t_upd"": 0.9158, ""t_red"": 0.9673}"
oir-108,test,NEW,,B2 cosine (e5),UPDATE,oir-178,"{""t_upd"": 0.9158, ""t_red"": 0.9673}"
oir-049,test,NEW,,B2 cosine (e5),NEW,,"{""t_upd"": 0.9158, ""t_red"": 0.9673}"
oir-187,test,NEW,,B2 cosine (e5),NEW,,"{""t_upd"": 0.9158, ""t_red"": 0.9673}"
oir-088,test,NEW,,B2 cosine (e5),NEW,,"{""t_upd"": 0.9158, ""t_red"": 0.9673}"
oir-016,test,NEW,,B2 cosine (e5),NEW,,"{""t_upd"": 0.9158, ""t_red"": 0.9673}"
oir-054,test,NEW,,B2 cosine (e5),NEW,,"{""t_upd"": 0.9158, ""t_red"": 0.9673}"
oir-018,test,NEW,,B2 cosine (e5),UPDATE,oir-536,"{""t_upd"": 0.9158, ""t_red"": 0.9673}"
oir-001,test,NEW,,B2 cosine (e5),UPDATE,oir-724,"{""t_upd"": 0.9158, ""t_red"": 0.9673}"
oir-100,test,NEW,,B2 cosine (e5),UPDATE,oir-193,"{""t_upd"": 0.9158, ""t_red"": 0.9673}"
oir-013,test,NEW,,B2 cosine (e5),UPDATE,oir-553,"{""t_upd"": 0.9158, ""t_red"": 0.9673}"
oir-124,test,NEW,,B2 cosine (e5),UPDATE,oir-1080,"{""t_upd"": 0.9158, ""t_red"": 0.9673}"
oir-131,test,REDUNDANT,oir-828,B2 cosine (e5),UPDATE,oir-828,"{""t_upd"": 0.9158, ""t_red"": 0.9673}"
oir-157,test,REDUNDANT,oir-822,B2 cosine (e5),UPDATE,oir-590,"{""t_upd"": 0.9158, ""t_red"": 0.9673}"
oir-161,test,REDUNDANT,oir-950,B2 cosine (e5),NEW,,"{""t_upd"": 0.9158, ""t_red"": 0.9673}"
oir-023,test,REDUNDANT,oir-944,B2 cosine (e5),UPDATE,oir-944,"{""t_upd"": 0.9158, ""t_red"": 0.9673}"
oir-022,test,UPDATE,oir-521,B3 BM25,UPDATE,oir-521,"{""t_upd"": 0.3592, ""t_red"": 0.9976}"
oir-176,test,UPDATE,oir-320,B3 BM25,UPDATE,oir-320,"{""t_upd"": 0.3592, ""t_red"": 0.9976}"
oir-089,test,UPDATE,oir-833,B3 BM25,UPDATE,oir-833,"{""t_upd"": 0.3592, ""t_red"": 0.9976}"
oir-134,test,UPDATE,oir-431,B3 BM25,UPDATE,oir-431,"{""t_upd"": 0.3592, ""t_red"": 0.9976}"
oir-096,test,UPDATE,oir-596,B3 BM25,UPDATE,oir-596,"{""t_upd"": 0.3592, ""t_red"": 0.9976}"
oir-051,test,UPDATE,oir-180,B3 BM25,UPDATE,oir-180,"{""t_upd"": 0.3592, ""t_red"": 0.9976}"
oir-058,test,UPDATE,oir-295|oir-256,B3 BM25,UPDATE,oir-256,"{""t_upd"": 0.3592, ""t_red"": 0.9976}"
oir-017,test,UPDATE,oir-980,B3 BM25,UPDATE,oir-980,"{""t_upd"": 0.3592, ""t_red"": 0.9976}"
oir-132,test,UPDATE,oir-358,B3 BM25,UPDATE,oir-358,"{""t_upd"": 0.3592, ""t_red"": 0.9976}"
oir-075,test,UPDATE,oir-775,B3 BM25,UPDATE,oir-775,"{""t_upd"": 0.3592, ""t_red"": 0.9976}"
oir-173,test,UPDATE,oir-971,B3 BM25,UPDATE,oir-971,"{""t_upd"": 0.3592, ""t_red"": 0.9976}"
oir-128,test,UPDATE,oir-1021,B3 BM25,UPDATE,oir-852,"{""t_upd"": 0.3592, ""t_red"": 0.9976}"
oir-086,test,UPDATE,oir-200,B3 BM25,UPDATE,oir-200,"{""t_upd"": 0.3592, ""t_red"": 0.9976}"
oir-190,test,UPDATE,oir-316,B3 BM25,UPDATE,oir-316,"{""t_upd"": 0.3592, ""t_red"": 0.9976}"
oir-152,test,UPDATE,oir-938,B3 BM25,UPDATE,oir-938,"{""t_upd"": 0.3592, ""t_red"": 0.9976}"
oir-150,test,UPDATE,oir-848,B3 BM25,UPDATE,oir-848,"{""t_upd"": 0.3592, ""t_red"": 0.9976}"
oir-200,test,UPDATE,oir-1027,B3 BM25,NEW,,"{""t_upd"": 0.3592, ""t_red"": 0.9976}"
oir-197,test,UPDATE,oir-1129,B3 BM25,UPDATE,oir-1076,"{""t_upd"": 0.3592, ""t_red"": 0.9976}"
oir-042,test,UPDATE,oir-860,B3 BM25,UPDATE,oir-860,"{""t_upd"": 0.3592, ""t_red"": 0.9976}"
oir-181,test,UPDATE,oir-1066,B3 BM25,UPDATE,oir-1066,"{""t_upd"": 0.3592, ""t_red"": 0.9976}"
oir-039,test,UPDATE,oir-242,B3 BM25,UPDATE,oir-242,"{""t_upd"": 0.3592, ""t_red"": 0.9976}"
oir-185,test,UPDATE,oir-819,B3 BM25,UPDATE,oir-1064,"{""t_upd"": 0.3592, ""t_red"": 0.9976}"
oir-175,test,UPDATE,oir-892,B3 BM25,UPDATE,oir-892,"{""t_upd"": 0.3592, ""t_red"": 0.9976}"
oir-084,test,UPDATE,oir-256,B3 BM25,UPDATE,oir-256,"{""t_upd"": 0.3592, ""t_red"": 0.9976}"
oir-155,test,UPDATE,oir-353,B3 BM25,UPDATE,oir-353,"{""t_upd"": 0.3592, ""t_red"": 0.9976}"
oir-122,test,UPDATE,oir-744,B3 BM25,NEW,,"{""t_upd"": 0.3592, ""t_red"": 0.9976}"
oir-159,test,UPDATE,oir-1077,B3 BM25,UPDATE,oir-1111,"{""t_upd"": 0.3592, ""t_red"": 0.9976}"
oir-171,test,UPDATE,oir-333,B3 BM25,NEW,,"{""t_upd"": 0.3592, ""t_red"": 0.9976}"
oir-177,test,UPDATE,oir-527,B3 BM25,UPDATE,oir-527,"{""t_upd"": 0.3592, ""t_red"": 0.9976}"
oir-138,test,UPDATE,oir-922,B3 BM25,UPDATE,oir-922,"{""t_upd"": 0.3592, ""t_red"": 0.9976}"
oir-119,test,UPDATE,oir-154,B3 BM25,UPDATE,oir-154,"{""t_upd"": 0.3592, ""t_red"": 0.9976}"
oir-067,test,UPDATE,oir-588,B3 BM25,UPDATE,oir-588,"{""t_upd"": 0.3592, ""t_red"": 0.9976}"
oir-027,test,UPDATE,oir-512,B3 BM25,UPDATE,oir-512,"{""t_upd"": 0.3592, ""t_red"": 0.9976}"
oir-130,test,UPDATE,oir-600,B3 BM25,UPDATE,oir-600,"{""t_upd"": 0.3592, ""t_red"": 0.9976}"
oir-063,test,UPDATE,oir-752,B3 BM25,UPDATE,oir-752,"{""t_upd"": 0.3592, ""t_red"": 0.9976}"
oir-127,test,UPDATE,oir-335,B3 BM25,UPDATE,oir-335,"{""t_upd"": 0.3592, ""t_red"": 0.9976}"
oir-184,test,UPDATE,oir-599,B3 BM25,UPDATE,oir-599,"{""t_upd"": 0.3592, ""t_red"": 0.9976}"
oir-071,test,UPDATE,oir-376,B3 BM25,UPDATE,oir-376,"{""t_upd"": 0.3592, ""t_red"": 0.9976}"
oir-133,test,UPDATE,oir-523,B3 BM25,UPDATE,oir-509,"{""t_upd"": 0.3592, ""t_red"": 0.9976}"
oir-082,test,UPDATE,oir-585,B3 BM25,UPDATE,oir-585,"{""t_upd"": 0.3592, ""t_red"": 0.9976}"
oir-114,test,UPDATE,oir-1089,B3 BM25,UPDATE,oir-1089,"{""t_upd"": 0.3592, ""t_red"": 0.9976}"
oir-109,test,UPDATE,oir-1188,B3 BM25,UPDATE,oir-1188,"{""t_upd"": 0.3592, ""t_red"": 0.9976}"
oir-146,test,UPDATE,oir-424,B3 BM25,UPDATE,oir-424,"{""t_upd"": 0.3592, ""t_red"": 0.9976}"
oir-093,test,UPDATE,oir-799,B3 BM25,UPDATE,oir-821,"{""t_upd"": 0.3592, ""t_red"": 0.9976}"
oir-048,test,UPDATE,oir-1236,B3 BM25,UPDATE,oir-1236,"{""t_upd"": 0.3592, ""t_red"": 0.9976}"
oir-069,test,UPDATE,oir-221,B3 BM25,UPDATE,oir-306,"{""t_upd"": 0.3592, ""t_red"": 0.9976}"
oir-053,test,UPDATE,oir-903,B3 BM25,UPDATE,oir-903,"{""t_upd"": 0.3592, ""t_red"": 0.9976}"
oir-168,test,UPDATE,oir-1219,B3 BM25,UPDATE,oir-1219,"{""t_upd"": 0.3592, ""t_red"": 0.9976}"
oir-029,test,UPDATE,oir-739,B3 BM25,UPDATE,oir-739,"{""t_upd"": 0.3592, ""t_red"": 0.9976}"
oir-179,test,UPDATE,oir-1243,B3 BM25,UPDATE,oir-1191,"{""t_upd"": 0.3592, ""t_red"": 0.9976}"
oir-182,test,UPDATE,oir-852,B3 BM25,UPDATE,oir-741,"{""t_upd"": 0.3592, ""t_red"": 0.9976}"
oir-191,test,UPDATE,oir-825,B3 BM25,UPDATE,oir-825,"{""t_upd"": 0.3592, ""t_red"": 0.9976}"
oir-163,test,UPDATE,oir-431,B3 BM25,UPDATE,oir-431,"{""t_upd"": 0.3592, ""t_red"": 0.9976}"
oir-189,test,UPDATE,oir-194,B3 BM25,UPDATE,oir-154,"{""t_upd"": 0.3592, ""t_red"": 0.9976}"
oir-167,test,UPDATE,oir-883,B3 BM25,UPDATE,oir-883,"{""t_upd"": 0.3592, ""t_red"": 0.9976}"
oir-156,test,UPDATE,oir-372,B3 BM25,UPDATE,oir-372,"{""t_upd"": 0.3592, ""t_red"": 0.9976}"
oir-153,test,UPDATE,oir-508,B3 BM25,UPDATE,oir-508,"{""t_upd"": 0.3592, ""t_red"": 0.9976}"
oir-020,test,UPDATE,oir-874,B3 BM25,UPDATE,oir-874,"{""t_upd"": 0.3592, ""t_red"": 0.9976}"
oir-186,test,UPDATE,oir-1026,B3 BM25,UPDATE,oir-997,"{""t_upd"": 0.3592, ""t_red"": 0.9976}"
oir-164,test,UPDATE,oir-1064,B3 BM25,UPDATE,oir-1064,"{""t_upd"": 0.3592, ""t_red"": 0.9976}"
oir-057,test,UPDATE,oir-1151,B3 BM25,UPDATE,oir-1075,"{""t_upd"": 0.3592, ""t_red"": 0.9976}"
oir-003,test,UPDATE,oir-589,B3 BM25,UPDATE,oir-824,"{""t_upd"": 0.3592, ""t_red"": 0.9976}"
oir-121,test,UPDATE,oir-179,B3 BM25,UPDATE,oir-179,"{""t_upd"": 0.3592, ""t_red"": 0.9976}"
oir-136,test,UPDATE,oir-1177,B3 BM25,UPDATE,oir-1177,"{""t_upd"": 0.3592, ""t_red"": 0.9976}"
oir-165,test,UPDATE,oir-478,B3 BM25,UPDATE,oir-329,"{""t_upd"": 0.3592, ""t_red"": 0.9976}"
oir-028,test,UPDATE,oir-1006,B3 BM25,UPDATE,oir-1006,"{""t_upd"": 0.3592, ""t_red"": 0.9976}"
oir-083,test,UPDATE,oir-1167,B3 BM25,UPDATE,oir-1167,"{""t_upd"": 0.3592, ""t_red"": 0.9976}"
oir-006,test,UPDATE,oir-598,B3 BM25,UPDATE,oir-598,"{""t_upd"": 0.3592, ""t_red"": 0.9976}"
oir-192,test,UPDATE,oir-1034,B3 BM25,UPDATE,oir-1034,"{""t_upd"": 0.3592, ""t_red"": 0.9976}"
oir-145,test,UPDATE,oir-461,B3 BM25,NEW,,"{""t_upd"": 0.3592, ""t_red"": 0.9976}"
oir-045,test,UPDATE,oir-759,B3 BM25,UPDATE,oir-759,"{""t_upd"": 0.3592, ""t_red"": 0.9976}"
oir-166,test,UPDATE,oir-1090,B3 BM25,UPDATE,oir-862,"{""t_upd"": 0.3592, ""t_red"": 0.9976}"
oir-105,test,UPDATE,oir-1124,B3 BM25,UPDATE,oir-1124,"{""t_upd"": 0.3592, ""t_red"": 0.9976}"
oir-030,test,UPDATE,oir-755,B3 BM25,UPDATE,oir-755,"{""t_upd"": 0.3592, ""t_red"": 0.9976}"
oir-055,test,UPDATE,oir-871,B3 BM25,UPDATE,oir-742,"{""t_upd"": 0.3592, ""t_red"": 0.9976}"
oir-195,test,UPDATE,oir-809,B3 BM25,UPDATE,oir-888,"{""t_upd"": 0.3592, ""t_red"": 0.9976}"
oir-085,test,UPDATE,oir-796,B3 BM25,UPDATE,oir-796,"{""t_upd"": 0.3592, ""t_red"": 0.9976}"
oir-059,test,UPDATE,oir-539,B3 BM25,UPDATE,oir-539,"{""t_upd"": 0.3592, ""t_red"": 0.9976}"
oir-087,test,UPDATE,oir-1189,B3 BM25,UPDATE,oir-1189,"{""t_upd"": 0.3592, ""t_red"": 0.9976}"
oir-072,test,UPDATE,oir-403,B3 BM25,NEW,,"{""t_upd"": 0.3592, ""t_red"": 0.9976}"
oir-116,test,UPDATE,oir-1000,B3 BM25,UPDATE,oir-1000,"{""t_upd"": 0.3592, ""t_red"": 0.9976}"
oir-102,test,UPDATE,oir-879,B3 BM25,UPDATE,oir-879,"{""t_upd"": 0.3592, ""t_red"": 0.9976}"
oir-070,test,NEW,,B3 BM25,NEW,,"{""t_upd"": 0.3592, ""t_red"": 0.9976}"
oir-046,test,NEW,,B3 BM25,NEW,,"{""t_upd"": 0.3592, ""t_red"": 0.9976}"
oir-036,test,NEW,,B3 BM25,NEW,,"{""t_upd"": 0.3592, ""t_red"": 0.9976}"
oir-005,test,NEW,,B3 BM25,NEW,,"{""t_upd"": 0.3592, ""t_red"": 0.9976}"
oir-079,test,NEW,,B3 BM25,NEW,,"{""t_upd"": 0.3592, ""t_red"": 0.9976}"
oir-154,test,NEW,,B3 BM25,UPDATE,oir-898,"{""t_upd"": 0.3592, ""t_red"": 0.9976}"
oir-015,test,NEW,,B3 BM25,NEW,,"{""t_upd"": 0.3592, ""t_red"": 0.9976}"
oir-111,test,NEW,,B3 BM25,UPDATE,oir-712,"{""t_upd"": 0.3592, ""t_red"": 0.9976}"
oir-038,test,NEW,,B3 BM25,UPDATE,oir-867,"{""t_upd"": 0.3592, ""t_red"": 0.9976}"
oir-129,test,NEW,,B3 BM25,UPDATE,oir-220,"{""t_upd"": 0.3592, ""t_red"": 0.9976}"
oir-125,test,NEW,,B3 BM25,NEW,,"{""t_upd"": 0.3592, ""t_red"": 0.9976}"
oir-103,test,NEW,,B3 BM25,NEW,,"{""t_upd"": 0.3592, ""t_red"": 0.9976}"
oir-098,test,NEW,,B3 BM25,UPDATE,oir-87,"{""t_upd"": 0.3592, ""t_red"": 0.9976}"
oir-025,test,NEW,,B3 BM25,UPDATE,oir-317,"{""t_upd"": 0.3592, ""t_red"": 0.9976}"
oir-068,test,NEW,,B3 BM25,UPDATE,oir-492,"{""t_upd"": 0.3592, ""t_red"": 0.9976}"
oir-061,test,NEW,,B3 BM25,NEW,,"{""t_upd"": 0.3592, ""t_red"": 0.9976}"
oir-194,test,NEW,,B3 BM25,UPDATE,oir-262,"{""t_upd"": 0.3592, ""t_red"": 0.9976}"
oir-007,test,NEW,,B3 BM25,NEW,,"{""t_upd"": 0.3592, ""t_red"": 0.9976}"
oir-076,test,NEW,,B3 BM25,UPDATE,oir-383,"{""t_upd"": 0.3592, ""t_red"": 0.9976}"
oir-196,test,NEW,,B3 BM25,NEW,,"{""t_upd"": 0.3592, ""t_red"": 0.9976}"
oir-097,test,NEW,,B3 BM25,NEW,,"{""t_upd"": 0.3592, ""t_red"": 0.9976}"
oir-012,test,NEW,,B3 BM25,NEW,,"{""t_upd"": 0.3592, ""t_red"": 0.9976}"
oir-135,test,NEW,,B3 BM25,NEW,,"{""t_upd"": 0.3592, ""t_red"": 0.9976}"
oir-112,test,NEW,,B3 BM25,NEW,,"{""t_upd"": 0.3592, ""t_red"": 0.9976}"
oir-108,test,NEW,,B3 BM25,UPDATE,oir-197,"{""t_upd"": 0.3592, ""t_red"": 0.9976}"
oir-049,test,NEW,,B3 BM25,NEW,,"{""t_upd"": 0.3592, ""t_red"": 0.9976}"
oir-187,test,NEW,,B3 BM25,NEW,,"{""t_upd"": 0.3592, ""t_red"": 0.9976}"
oir-088,test,NEW,,B3 BM25,NEW,,"{""t_upd"": 0.3592, ""t_red"": 0.9976}"
oir-016,test,NEW,,B3 BM25,NEW,,"{""t_upd"": 0.3592, ""t_red"": 0.9976}"
oir-054,test,NEW,,B3 BM25,UPDATE,oir-197,"{""t_upd"": 0.3592, ""t_red"": 0.9976}"
oir-018,test,NEW,,B3 BM25,UPDATE,oir-536,"{""t_upd"": 0.3592, ""t_red"": 0.9976}"
oir-001,test,NEW,,B3 BM25,UPDATE,oir-724,"{""t_upd"": 0.3592, ""t_red"": 0.9976}"
oir-100,test,NEW,,B3 BM25,UPDATE,oir-245,"{""t_upd"": 0.3592, ""t_red"": 0.9976}"
oir-013,test,NEW,,B3 BM25,UPDATE,oir-553,"{""t_upd"": 0.3592, ""t_red"": 0.9976}"
oir-124,test,NEW,,B3 BM25,UPDATE,oir-1080,"{""t_upd"": 0.3592, ""t_red"": 0.9976}"
oir-131,test,REDUNDANT,oir-828,B3 BM25,REDUNDANT,oir-828,"{""t_upd"": 0.3592, ""t_red"": 0.9976}"
oir-157,test,REDUNDANT,oir-822,B3 BM25,UPDATE,oir-590,"{""t_upd"": 0.3592, ""t_red"": 0.9976}"
oir-161,test,REDUNDANT,oir-950,B3 BM25,UPDATE,oir-950,"{""t_upd"": 0.3592, ""t_red"": 0.9976}"
oir-023,test,REDUNDANT,oir-944,B3 BM25,REDUNDANT,oir-752,"{""t_upd"": 0.3592, ""t_red"": 0.9976}"
oir-022,test,UPDATE,oir-521,B4 reranker,UPDATE,oir-308,"{""t_upd"": 0.9365, ""t_red"": 0.9974}"
oir-176,test,UPDATE,oir-320,B4 reranker,UPDATE,oir-320,"{""t_upd"": 0.9365, ""t_red"": 0.9974}"
oir-089,test,UPDATE,oir-833,B4 reranker,NEW,,"{""t_upd"": 0.9365, ""t_red"": 0.9974}"
oir-134,test,UPDATE,oir-431,B4 reranker,REDUNDANT,oir-375,"{""t_upd"": 0.9365, ""t_red"": 0.9974}"
oir-096,test,UPDATE,oir-596,B4 reranker,NEW,,"{""t_upd"": 0.9365, ""t_red"": 0.9974}"
oir-051,test,UPDATE,oir-180,B4 reranker,UPDATE,oir-20,"{""t_upd"": 0.9365, ""t_red"": 0.9974}"
oir-058,test,UPDATE,oir-295|oir-256,B4 reranker,REDUNDANT,oir-199,"{""t_upd"": 0.9365, ""t_red"": 0.9974}"
oir-017,test,UPDATE,oir-980,B4 reranker,UPDATE,oir-570,"{""t_upd"": 0.9365, ""t_red"": 0.9974}"
oir-132,test,UPDATE,oir-358,B4 reranker,NEW,,"{""t_upd"": 0.9365, ""t_red"": 0.9974}"
oir-075,test,UPDATE,oir-775,B4 reranker,NEW,,"{""t_upd"": 0.9365, ""t_red"": 0.9974}"
oir-173,test,UPDATE,oir-971,B4 reranker,UPDATE,oir-343,"{""t_upd"": 0.9365, ""t_red"": 0.9974}"
oir-128,test,UPDATE,oir-1021,B4 reranker,UPDATE,oir-1021,"{""t_upd"": 0.9365, ""t_red"": 0.9974}"
oir-086,test,UPDATE,oir-200,B4 reranker,UPDATE,oir-199,"{""t_upd"": 0.9365, ""t_red"": 0.9974}"
oir-190,test,UPDATE,oir-316,B4 reranker,UPDATE,oir-286,"{""t_upd"": 0.9365, ""t_red"": 0.9974}"
oir-152,test,UPDATE,oir-938,B4 reranker,UPDATE,oir-784,"{""t_upd"": 0.9365, ""t_red"": 0.9974}"
oir-150,test,UPDATE,oir-848,B4 reranker,REDUNDANT,oir-848,"{""t_upd"": 0.9365, ""t_red"": 0.9974}"
oir-200,test,UPDATE,oir-1027,B4 reranker,UPDATE,oir-842,"{""t_upd"": 0.9365, ""t_red"": 0.9974}"
oir-197,test,UPDATE,oir-1129,B4 reranker,UPDATE,oir-1129,"{""t_upd"": 0.9365, ""t_red"": 0.9974}"
oir-042,test,UPDATE,oir-860,B4 reranker,UPDATE,oir-739,"{""t_upd"": 0.9365, ""t_red"": 0.9974}"
oir-181,test,UPDATE,oir-1066,B4 reranker,UPDATE,oir-812,"{""t_upd"": 0.9365, ""t_red"": 0.9974}"
oir-039,test,UPDATE,oir-242,B4 reranker,UPDATE,oir-242,"{""t_upd"": 0.9365, ""t_red"": 0.9974}"
oir-185,test,UPDATE,oir-819,B4 reranker,NEW,,"{""t_upd"": 0.9365, ""t_red"": 0.9974}"
oir-175,test,UPDATE,oir-892,B4 reranker,UPDATE,oir-892,"{""t_upd"": 0.9365, ""t_red"": 0.9974}"
oir-084,test,UPDATE,oir-256,B4 reranker,UPDATE,oir-271,"{""t_upd"": 0.9365, ""t_red"": 0.9974}"
oir-155,test,UPDATE,oir-353,B4 reranker,REDUNDANT,oir-219,"{""t_upd"": 0.9365, ""t_red"": 0.9974}"
oir-122,test,UPDATE,oir-744,B4 reranker,REDUNDANT,oir-744,"{""t_upd"": 0.9365, ""t_red"": 0.9974}"
oir-159,test,UPDATE,oir-1077,B4 reranker,UPDATE,oir-1069,"{""t_upd"": 0.9365, ""t_red"": 0.9974}"
oir-171,test,UPDATE,oir-333,B4 reranker,UPDATE,oir-333,"{""t_upd"": 0.9365, ""t_red"": 0.9974}"
oir-177,test,UPDATE,oir-527,B4 reranker,UPDATE,oir-123,"{""t_upd"": 0.9365, ""t_red"": 0.9974}"
oir-138,test,UPDATE,oir-922,B4 reranker,NEW,,"{""t_upd"": 0.9365, ""t_red"": 0.9974}"
oir-119,test,UPDATE,oir-154,B4 reranker,UPDATE,oir-180,"{""t_upd"": 0.9365, ""t_red"": 0.9974}"
oir-067,test,UPDATE,oir-588,B4 reranker,NEW,,"{""t_upd"": 0.9365, ""t_red"": 0.9974}"
oir-027,test,UPDATE,oir-512,B4 reranker,UPDATE,oir-512,"{""t_upd"": 0.9365, ""t_red"": 0.9974}"
oir-130,test,UPDATE,oir-600,B4 reranker,UPDATE,oir-517,"{""t_upd"": 0.9365, ""t_red"": 0.9974}"
oir-063,test,UPDATE,oir-752,B4 reranker,UPDATE,oir-752,"{""t_upd"": 0.9365, ""t_red"": 0.9974}"
oir-127,test,UPDATE,oir-335,B4 reranker,UPDATE,oir-201,"{""t_upd"": 0.9365, ""t_red"": 0.9974}"
oir-184,test,UPDATE,oir-599,B4 reranker,UPDATE,oir-717,"{""t_upd"": 0.9365, ""t_red"": 0.9974}"
oir-071,test,UPDATE,oir-376,B4 reranker,UPDATE,oir-376,"{""t_upd"": 0.9365, ""t_red"": 0.9974}"
oir-133,test,UPDATE,oir-523,B4 reranker,REDUNDANT,oir-201,"{""t_upd"": 0.9365, ""t_red"": 0.9974}"
oir-082,test,UPDATE,oir-585,B4 reranker,UPDATE,oir-114,"{""t_upd"": 0.9365, ""t_red"": 0.9974}"
oir-114,test,UPDATE,oir-1089,B4 reranker,UPDATE,oir-1089,"{""t_upd"": 0.9365, ""t_red"": 0.9974}"
oir-109,test,UPDATE,oir-1188,B4 reranker,UPDATE,oir-1188,"{""t_upd"": 0.9365, ""t_red"": 0.9974}"
oir-146,test,UPDATE,oir-424,B4 reranker,UPDATE,oir-457,"{""t_upd"": 0.9365, ""t_red"": 0.9974}"
oir-093,test,UPDATE,oir-799,B4 reranker,UPDATE,oir-821,"{""t_upd"": 0.9365, ""t_red"": 0.9974}"
oir-048,test,UPDATE,oir-1236,B4 reranker,REDUNDANT,oir-727,"{""t_upd"": 0.9365, ""t_red"": 0.9974}"
oir-069,test,UPDATE,oir-221,B4 reranker,UPDATE,oir-221,"{""t_upd"": 0.9365, ""t_red"": 0.9974}"
oir-053,test,UPDATE,oir-903,B4 reranker,UPDATE,oir-780,"{""t_upd"": 0.9365, ""t_red"": 0.9974}"
oir-168,test,UPDATE,oir-1219,B4 reranker,UPDATE,oir-1005,"{""t_upd"": 0.9365, ""t_red"": 0.9974}"
oir-029,test,UPDATE,oir-739,B4 reranker,UPDATE,oir-739,"{""t_upd"": 0.9365, ""t_red"": 0.9974}"
oir-179,test,UPDATE,oir-1243,B4 reranker,NEW,,"{""t_upd"": 0.9365, ""t_red"": 0.9974}"
oir-182,test,UPDATE,oir-852,B4 reranker,UPDATE,oir-563,"{""t_upd"": 0.9365, ""t_red"": 0.9974}"
oir-191,test,UPDATE,oir-825,B4 reranker,UPDATE,oir-825,"{""t_upd"": 0.9365, ""t_red"": 0.9974}"
oir-163,test,UPDATE,oir-431,B4 reranker,UPDATE,oir-431,"{""t_upd"": 0.9365, ""t_red"": 0.9974}"
oir-189,test,UPDATE,oir-194,B4 reranker,UPDATE,oir-80,"{""t_upd"": 0.9365, ""t_red"": 0.9974}"
oir-167,test,UPDATE,oir-883,B4 reranker,UPDATE,oir-883,"{""t_upd"": 0.9365, ""t_red"": 0.9974}"
oir-156,test,UPDATE,oir-372,B4 reranker,REDUNDANT,oir-372,"{""t_upd"": 0.9365, ""t_red"": 0.9974}"
oir-153,test,UPDATE,oir-508,B4 reranker,UPDATE,oir-282,"{""t_upd"": 0.9365, ""t_red"": 0.9974}"
oir-020,test,UPDATE,oir-874,B4 reranker,UPDATE,oir-874,"{""t_upd"": 0.9365, ""t_red"": 0.9974}"
oir-186,test,UPDATE,oir-1026,B4 reranker,UPDATE,oir-1026,"{""t_upd"": 0.9365, ""t_red"": 0.9974}"
oir-164,test,UPDATE,oir-1064,B4 reranker,NEW,,"{""t_upd"": 0.9365, ""t_red"": 0.9974}"
oir-057,test,UPDATE,oir-1151,B4 reranker,UPDATE,oir-928,"{""t_upd"": 0.9365, ""t_red"": 0.9974}"
oir-003,test,UPDATE,oir-589,B4 reranker,NEW,,"{""t_upd"": 0.9365, ""t_red"": 0.9974}"
oir-121,test,UPDATE,oir-179,B4 reranker,REDUNDANT,oir-179,"{""t_upd"": 0.9365, ""t_red"": 0.9974}"
oir-136,test,UPDATE,oir-1177,B4 reranker,REDUNDANT,oir-1044,"{""t_upd"": 0.9365, ""t_red"": 0.9974}"
oir-165,test,UPDATE,oir-478,B4 reranker,UPDATE,oir-142,"{""t_upd"": 0.9365, ""t_red"": 0.9974}"
oir-028,test,UPDATE,oir-1006,B4 reranker,NEW,,"{""t_upd"": 0.9365, ""t_red"": 0.9974}"
oir-083,test,UPDATE,oir-1167,B4 reranker,UPDATE,oir-1167,"{""t_upd"": 0.9365, ""t_red"": 0.9974}"
oir-006,test,UPDATE,oir-598,B4 reranker,UPDATE,oir-598,"{""t_upd"": 0.9365, ""t_red"": 0.9974}"
oir-192,test,UPDATE,oir-1034,B4 reranker,UPDATE,oir-1034,"{""t_upd"": 0.9365, ""t_red"": 0.9974}"
oir-145,test,UPDATE,oir-461,B4 reranker,NEW,,"{""t_upd"": 0.9365, ""t_red"": 0.9974}"
oir-045,test,UPDATE,oir-759,B4 reranker,UPDATE,oir-759,"{""t_upd"": 0.9365, ""t_red"": 0.9974}"
oir-166,test,UPDATE,oir-1090,B4 reranker,UPDATE,oir-1090,"{""t_upd"": 0.9365, ""t_red"": 0.9974}"
oir-105,test,UPDATE,oir-1124,B4 reranker,UPDATE,oir-825,"{""t_upd"": 0.9365, ""t_red"": 0.9974}"
oir-030,test,UPDATE,oir-755,B4 reranker,UPDATE,oir-755,"{""t_upd"": 0.9365, ""t_red"": 0.9974}"
oir-055,test,UPDATE,oir-871,B4 reranker,UPDATE,oir-742,"{""t_upd"": 0.9365, ""t_red"": 0.9974}"
oir-195,test,UPDATE,oir-809,B4 reranker,UPDATE,oir-809,"{""t_upd"": 0.9365, ""t_red"": 0.9974}"
oir-085,test,UPDATE,oir-796,B4 reranker,NEW,,"{""t_upd"": 0.9365, ""t_red"": 0.9974}"
oir-059,test,UPDATE,oir-539,B4 reranker,UPDATE,oir-531,"{""t_upd"": 0.9365, ""t_red"": 0.9974}"
oir-087,test,UPDATE,oir-1189,B4 reranker,UPDATE,oir-1021,"{""t_upd"": 0.9365, ""t_red"": 0.9974}"
oir-072,test,UPDATE,oir-403,B4 reranker,UPDATE,oir-372,"{""t_upd"": 0.9365, ""t_red"": 0.9974}"
oir-116,test,UPDATE,oir-1000,B4 reranker,UPDATE,oir-854,"{""t_upd"": 0.9365, ""t_red"": 0.9974}"
oir-102,test,UPDATE,oir-879,B4 reranker,NEW,,"{""t_upd"": 0.9365, ""t_red"": 0.9974}"
oir-070,test,NEW,,B4 reranker,NEW,,"{""t_upd"": 0.9365, ""t_red"": 0.9974}"
oir-046,test,NEW,,B4 reranker,UPDATE,oir-330,"{""t_upd"": 0.9365, ""t_red"": 0.9974}"
oir-036,test,NEW,,B4 reranker,UPDATE,oir-138,"{""t_upd"": 0.9365, ""t_red"": 0.9974}"
oir-005,test,NEW,,B4 reranker,NEW,,"{""t_upd"": 0.9365, ""t_red"": 0.9974}"
oir-079,test,NEW,,B4 reranker,NEW,,"{""t_upd"": 0.9365, ""t_red"": 0.9974}"
oir-154,test,NEW,,B4 reranker,UPDATE,oir-887,"{""t_upd"": 0.9365, ""t_red"": 0.9974}"
oir-015,test,NEW,,B4 reranker,UPDATE,oir-53,"{""t_upd"": 0.9365, ""t_red"": 0.9974}"
oir-111,test,NEW,,B4 reranker,UPDATE,oir-723,"{""t_upd"": 0.9365, ""t_red"": 0.9974}"
oir-038,test,NEW,,B4 reranker,NEW,,"{""t_upd"": 0.9365, ""t_red"": 0.9974}"
oir-129,test,NEW,,B4 reranker,UPDATE,oir-219,"{""t_upd"": 0.9365, ""t_red"": 0.9974}"
oir-125,test,NEW,,B4 reranker,UPDATE,oir-775,"{""t_upd"": 0.9365, ""t_red"": 0.9974}"
oir-103,test,NEW,,B4 reranker,UPDATE,oir-181,"{""t_upd"": 0.9365, ""t_red"": 0.9974}"
oir-098,test,NEW,,B4 reranker,NEW,,"{""t_upd"": 0.9365, ""t_red"": 0.9974}"
oir-025,test,NEW,,B4 reranker,UPDATE,oir-317,"{""t_upd"": 0.9365, ""t_red"": 0.9974}"
oir-068,test,NEW,,B4 reranker,NEW,,"{""t_upd"": 0.9365, ""t_red"": 0.9974}"
oir-061,test,NEW,,B4 reranker,NEW,,"{""t_upd"": 0.9365, ""t_red"": 0.9974}"
oir-194,test,NEW,,B4 reranker,REDUNDANT,oir-268,"{""t_upd"": 0.9365, ""t_red"": 0.9974}"
oir-007,test,NEW,,B4 reranker,UPDATE,oir-1068,"{""t_upd"": 0.9365, ""t_red"": 0.9974}"
oir-076,test,NEW,,B4 reranker,UPDATE,oir-355,"{""t_upd"": 0.9365, ""t_red"": 0.9974}"
oir-196,test,NEW,,B4 reranker,NEW,,"{""t_upd"": 0.9365, ""t_red"": 0.9974}"
oir-097,test,NEW,,B4 reranker,NEW,,"{""t_upd"": 0.9365, ""t_red"": 0.9974}"
oir-012,test,NEW,,B4 reranker,NEW,,"{""t_upd"": 0.9365, ""t_red"": 0.9974}"
oir-135,test,NEW,,B4 reranker,UPDATE,oir-199,"{""t_upd"": 0.9365, ""t_red"": 0.9974}"
oir-112,test,NEW,,B4 reranker,UPDATE,oir-384,"{""t_upd"": 0.9365, ""t_red"": 0.9974}"
oir-108,test,NEW,,B4 reranker,NEW,,"{""t_upd"": 0.9365, ""t_red"": 0.9974}"
oir-049,test,NEW,,B4 reranker,UPDATE,oir-122,"{""t_upd"": 0.9365, ""t_red"": 0.9974}"
oir-187,test,NEW,,B4 reranker,UPDATE,oir-1167,"{""t_upd"": 0.9365, ""t_red"": 0.9974}"
oir-088,test,NEW,,B4 reranker,NEW,,"{""t_upd"": 0.9365, ""t_red"": 0.9974}"
oir-016,test,NEW,,B4 reranker,UPDATE,oir-308,"{""t_upd"": 0.9365, ""t_red"": 0.9974}"
oir-054,test,NEW,,B4 reranker,NEW,,"{""t_upd"": 0.9365, ""t_red"": 0.9974}"
oir-018,test,NEW,,B4 reranker,NEW,,"{""t_upd"": 0.9365, ""t_red"": 0.9974}"
oir-001,test,NEW,,B4 reranker,NEW,,"{""t_upd"": 0.9365, ""t_red"": 0.9974}"
oir-100,test,NEW,,B4 reranker,REDUNDANT,oir-53,"{""t_upd"": 0.9365, ""t_red"": 0.9974}"
oir-013,test,NEW,,B4 reranker,UPDATE,oir-438,"{""t_upd"": 0.9365, ""t_red"": 0.9974}"
oir-124,test,NEW,,B4 reranker,NEW,,"{""t_upd"": 0.9365, ""t_red"": 0.9974}"
oir-131,test,REDUNDANT,oir-828,B4 reranker,UPDATE,oir-828,"{""t_upd"": 0.9365, ""t_red"": 0.9974}"
oir-157,test,REDUNDANT,oir-822,B4 reranker,UPDATE,oir-822,"{""t_upd"": 0.9365, ""t_red"": 0.9974}"
oir-161,test,REDUNDANT,oir-950,B4 reranker,REDUNDANT,oir-950,"{""t_upd"": 0.9365, ""t_red"": 0.9974}"
oir-023,test,REDUNDANT,oir-944,B4 reranker,REDUNDANT,oir-944,"{""t_upd"": 0.9365, ""t_red"": 0.9974}"
